{
    "n_samples": 540,
    "n_steps": 5,
    "lags": 30,
    "model": "xgb",
    "full": {
        "mean_ann": 0.5215255769941521,
        "vol_ann": 0.25173816126033133,
        "sr_ann": 2.0716985235100056,
        "avg_drawdown": 0.035518499057927,
        "max_drawdown": 0.16849473529885972,
        "calmar": 3.0952039900185624,
        "annualized_bin_mean": {
            "0": -0.46807386971192844,
            "1": -0.4807689938524406,
            "2": -0.41076207297449147,
            "3": -0.21375384685713814,
            "4": 0.05345170728222367,
            "4-0": 0.5215255769941521,
            "4-1": 0.5342207011346641
        },
        "max_drawdown_duration": 118,
        "avg_drawdown_duration": 10.320987654320987
    },
    "since": {
        "mean_ann": 0.5129524128530059,
        "vol_ann": 0.23847713147642202,
        "sr_ann": 2.150950112814993,
        "avg_drawdown": 0.030306834694700756,
        "max_drawdown": 0.12937574139427369,
        "calmar": 3.9648268471736055,
        "annualized_bin_mean": {
            "0": -0.751191437175585,
            "1": -0.44225232316310714,
            "2": -0.7599434830957444,
            "3": -0.7085903844187105,
            "4": -0.2382390243225793,
            "4-0": 0.5129524128530059,
            "4-1": 0.204013298840528
        },
        "max_drawdown_duration": 32,
        "avg_drawdown_duration": 9.416666666666666
    }
}