{
    "n_samples": 360,
    "n_steps": 10,
    "lags": 60,
    "model": "xgb",
    "full": {
        "mean_ann": 0.3659208103390524,
        "vol_ann": 0.24247283087805732,
        "sr_ann": 1.509120873517902,
        "avg_drawdown": 0.06394219570390114,
        "max_drawdown": 0.3102030236621264,
        "calmar": 1.1796171617515048,
        "annualized_bin_mean": {
            "0": -0.3430743152251723,
            "1": -0.35581383403119077,
            "2": -0.4444837461307497,
            "3": -0.23786046194823232,
            "4": 0.022846495113880323,
            "4-0": 0.3659208103390524,
            "4-1": 0.3786603291450712
        },
        "max_drawdown_duration": 170,
        "avg_drawdown_duration": 12.359375
    },
    "since": {
        "mean_ann": 0.40959681553158417,
        "vol_ann": 0.236246332822987,
        "sr_ann": 1.733770046870882,
        "avg_drawdown": 0.03904301463948921,
        "max_drawdown": 0.1693926740190047,
        "calmar": 2.418031463896899,
        "annualized_bin_mean": {
            "0": -0.8139816570723657,
            "1": -1.1418024199184253,
            "2": -0.8804801496745137,
            "3": -0.975720876954643,
            "4": -0.40438484154078175,
            "4-0": 0.40959681553158417,
            "4-1": 0.7374175783776441
        },
        "max_drawdown_duration": 34,
        "avg_drawdown_duration": 11.5
    }
}