{
    "n_samples": 720,
    "n_steps": 30,
    "lags": 30,
    "model": "xgb",
    "full": {
        "mean_ann": 0.3509601417358494,
        "vol_ann": 0.23588266092268712,
        "sr_ann": 1.4878590073684137,
        "avg_drawdown": 0.06919218534495225,
        "max_drawdown": 0.27741891103547955,
        "calmar": 1.2650909068378706,
        "annualized_bin_mean": {
            "0": -0.5747607340716472,
            "1": -0.6565118350648284,
            "2": -0.5998603404561804,
            "3": -0.5712353320724605,
            "4": -0.22380059233579766,
            "4-0": 0.3509601417358494,
            "4-1": 0.43271124272903083
        },
        "max_drawdown_duration": 226,
        "avg_drawdown_duration": 14.285714285714286
    },
    "since": {
        "mean_ann": 0.8671738330282267,
        "vol_ann": 0.25902918071416225,
        "sr_ann": 3.347784333168045,
        "avg_drawdown": 0.015623015026227947,
        "max_drawdown": 0.10257567202873269,
        "calmar": 8.453991242536738,
        "annualized_bin_mean": {
            "0": -0.8948584075999632,
            "1": -1.1556588748846621,
            "2": -1.0499823840388425,
            "3": -0.9644996937501757,
            "4": -0.02768457457173636,
            "4-0": 0.8671738330282267,
            "4-1": 1.127974300312926
        },
        "max_drawdown_duration": 18,
        "avg_drawdown_duration": 4.6875
    }
}