{
    "n_samples": 540,
    "n_steps": 20,
    "lags": 30,
    "model": "xgb",
    "full": {
        "mean_ann": 0.6396277852552595,
        "vol_ann": 0.25108493816153615,
        "sr_ann": 2.5474558129159997,
        "avg_drawdown": 0.028911568335403787,
        "max_drawdown": 0.16764693436286437,
        "calmar": 3.8153264638338897,
        "annualized_bin_mean": {
            "0": -0.4498426753421986,
            "1": -0.35054141084367413,
            "2": -0.3920047777226163,
            "3": -0.26151685311542683,
            "4": 0.18978510991306108,
            "4-0": 0.6396277852552595,
            "4-1": 0.5403265207567354
        },
        "max_drawdown_duration": 102,
        "avg_drawdown_duration": 7.741573033707865
    },
    "since": {
        "mean_ann": 0.5943909331436129,
        "vol_ann": 0.26030475105285206,
        "sr_ann": 2.283442506291129,
        "avg_drawdown": 0.02614950049122281,
        "max_drawdown": 0.0894127599584238,
        "calmar": 6.647719334690036,
        "annualized_bin_mean": {
            "0": -1.127819354494402,
            "1": -0.673314895597051,
            "2": -0.9436866363508969,
            "3": -0.9777811731055931,
            "4": -0.5334284213507887,
            "4-0": 0.5943909331436129,
            "4-1": 0.13988647424626205
        },
        "max_drawdown_duration": 25,
        "avg_drawdown_duration": 10.0
    }
}