{
    "n_samples": 540,
    "n_steps": 90,
    "lags": 90,
    "model": "xgb",
    "full": {
        "mean_ann": 0.35587656001764234,
        "vol_ann": 0.24071731440087382,
        "sr_ann": 1.478400342340935,
        "avg_drawdown": 0.05037292150706062,
        "max_drawdown": 0.20938087314698905,
        "calmar": 1.6996612664224144,
        "annualized_bin_mean": {
            "0": -0.4490409483610354,
            "1": -0.5257150876833028,
            "2": -0.49528807087724447,
            "3": -0.5211239026084781,
            "4": -0.09316438834339295,
            "4-0": 0.35587656001764234,
            "4-1": 0.43255069933990997
        },
        "max_drawdown_duration": 219,
        "avg_drawdown_duration": 10.411764705882353
    },
    "since": {
        "mean_ann": 0.4789828621379357,
        "vol_ann": 0.25574708446483113,
        "sr_ann": 1.8728771166257525,
        "avg_drawdown": 0.06033769697974728,
        "max_drawdown": 0.14552210704580687,
        "calmar": 3.291478331791632,
        "annualized_bin_mean": {
            "0": -0.8113722785959876,
            "1": -0.6764050484474611,
            "2": -0.9618997087261328,
            "3": -1.065398516318645,
            "4": -0.33238941645805214,
            "4-0": 0.4789828621379357,
            "4-1": 0.344015631989409
        },
        "max_drawdown_duration": 61,
        "avg_drawdown_duration": 18.2
    }
}