{
    "n_samples": 360,
    "n_steps": 10,
    "lags": 30,
    "model": "xgb",
    "full": {
        "mean_ann": 0.26190147956583454,
        "vol_ann": 0.24708999605651288,
        "sr_ann": 1.0599436794111812,
        "avg_drawdown": 0.07133594455635317,
        "max_drawdown": 0.30884957301327154,
        "calmar": 0.8479904213906114,
        "annualized_bin_mean": {
            "0": -0.25641052401717496,
            "1": -0.37206247353020705,
            "2": -0.5176553188861632,
            "3": -0.21376057416184857,
            "4": 0.005490955548659587,
            "4-0": 0.26190147956583454,
            "4-1": 0.37755342907886663
        },
        "max_drawdown_duration": 192,
        "avg_drawdown_duration": 21.435897435897434
    },
    "since": {
        "mean_ann": 0.009222956192697206,
        "vol_ann": 0.24087399709502696,
        "sr_ann": 0.03828954683331247,
        "avg_drawdown": 0.05589361201096164,
        "max_drawdown": 0.15773238255911082,
        "calmar": 0.05847217954271925,
        "annualized_bin_mean": {
            "0": -0.6672697240202837,
            "1": -1.163128903544863,
            "2": -1.1234433606346785,
            "3": -0.5809957636367253,
            "4": -0.6580467678275862,
            "4-0": 0.009222956192697206,
            "4-1": 0.5050821357172767
        },
        "max_drawdown_duration": 81,
        "avg_drawdown_duration": 35.666666666666664
    }
}