{
    "n_samples": 720,
    "n_steps": 80,
    "lags": 90,
    "model": "xgb",
    "full": {
        "mean_ann": 0.24739378218949862,
        "vol_ann": 0.2367099377824036,
        "sr_ann": 1.045134752292978,
        "avg_drawdown": 0.04683059237818814,
        "max_drawdown": 0.16558003515439468,
        "calmar": 1.4941039356515229,
        "annualized_bin_mean": {
            "0": -0.48579591369736225,
            "1": -0.5917921345301036,
            "2": -0.6714299271719933,
            "3": -0.4146585976934766,
            "4": -0.2384021315078636,
            "4-0": 0.24739378218949862,
            "4-1": 0.35339000302223983
        },
        "max_drawdown_duration": 181,
        "avg_drawdown_duration": 15.902439024390244
    },
    "since": {
        "mean_ann": 0.296540556200023,
        "vol_ann": 0.25099340822177935,
        "sr_ann": 1.181467506660565,
        "avg_drawdown": 0.07355737464173068,
        "max_drawdown": 0.15095225980226273,
        "calmar": 1.9644658290539745,
        "annualized_bin_mean": {
            "0": -0.8068557876048013,
            "1": -0.9859410546406028,
            "2": -1.1478814735991463,
            "3": -1.121775047023816,
            "4": -0.5103152314047784,
            "4-0": 0.296540556200023,
            "4-1": 0.4756258232358245
        },
        "max_drawdown_duration": 93,
        "avg_drawdown_duration": 33.0
    }
}