{
    "n_samples": 720,
    "n_steps": 10,
    "lags": 60,
    "model": "xgb",
    "full": {
        "mean_ann": 0.14008952520069642,
        "vol_ann": 0.22777772216452913,
        "sr_ann": 0.6150273339703807,
        "avg_drawdown": 0.07576632442104865,
        "max_drawdown": 0.28292705452954514,
        "calmar": 0.4951436172607782,
        "annualized_bin_mean": {
            "0": -0.551010627447158,
            "1": -0.772372464856497,
            "2": -0.4747180234476797,
            "3": -0.6429735814655031,
            "4": -0.4109211022464618,
            "4-0": 0.14008952520069642,
            "4-1": 0.36145136261003535
        },
        "max_drawdown_duration": 327,
        "avg_drawdown_duration": 27.25
    },
    "since": {
        "mean_ann": 0.21288790164260524,
        "vol_ann": 0.23002952925821948,
        "sr_ann": 0.9254807516630966,
        "avg_drawdown": 0.04907355476419192,
        "max_drawdown": 0.1684017302394485,
        "calmar": 1.2641669497094974,
        "annualized_bin_mean": {
            "0": -0.8149374341980594,
            "1": -1.0513961762658872,
            "2": -0.856992217982617,
            "3": -0.881229585078319,
            "4": -0.602049532555454,
            "4-0": 0.21288790164260524,
            "4-1": 0.4493466437104334
        },
        "max_drawdown_duration": 60,
        "avg_drawdown_duration": 19.4
    }
}