{
    "n_samples": 720,
    "n_steps": 5,
    "lags": 0,
    "model": "xgb",
    "full": {
        "mean_ann": 0.3528146261198128,
        "vol_ann": 0.2529299937527571,
        "sr_ann": 1.3949101918876985,
        "avg_drawdown": 0.05613633382938104,
        "max_drawdown": 0.243825474632415,
        "calmar": 1.4469965726579925,
        "annualized_bin_mean": {
            "0": -0.2641760046885799,
            "1": -0.42872423499012335,
            "2": -0.45268630599692405,
            "3": -0.35572885210552274,
            "4": 0.08863862143123286,
            "4-0": 0.3528146261198128,
            "4-1": 0.5173628564213562
        },
        "max_drawdown_duration": 134,
        "avg_drawdown_duration": 12.742424242424242
    },
    "since": {
        "mean_ann": 0.38784475055127415,
        "vol_ann": 0.26147703132416683,
        "sr_ann": 1.4832842050682555,
        "avg_drawdown": 0.03632524918083221,
        "max_drawdown": 0.1948252568661194,
        "calmar": 1.9907313702031686,
        "annualized_bin_mean": {
            "0": -0.46198794998578985,
            "1": -0.658721367107126,
            "2": -0.8805407286319302,
            "3": -0.8195680755197661,
            "4": -0.07414319943451528,
            "4-0": 0.38784475055127415,
            "4-1": 0.5845781676726105
        },
        "max_drawdown_duration": 33,
        "avg_drawdown_duration": 8.333333333333334
    }
}