{
    "n_samples": 720,
    "n_steps": 50,
    "lags": 60,
    "model": "xgb",
    "full": {
        "mean_ann": 0.2815878039176882,
        "vol_ann": 0.23913590183258543,
        "sr_ann": 1.1775220774454123,
        "avg_drawdown": 0.062119819374237516,
        "max_drawdown": 0.18316100977527883,
        "calmar": 1.537378529760071,
        "annualized_bin_mean": {
            "0": -0.5334867890114731,
            "1": -0.7635338886221231,
            "2": -0.6456182474254041,
            "3": -0.5441850415841215,
            "4": -0.2518989850937848,
            "4-0": 0.2815878039176882,
            "4-1": 0.5116349035283383
        },
        "max_drawdown_duration": 180,
        "avg_drawdown_duration": 19.13888888888889
    },
    "since": {
        "mean_ann": 0.33048162315937224,
        "vol_ann": 0.24628960669703612,
        "sr_ann": 1.3418415319729742,
        "avg_drawdown": 0.07168909919117315,
        "max_drawdown": 0.16433802454853713,
        "calmar": 2.01098695245521,
        "annualized_bin_mean": {
            "0": -0.7316061577076415,
            "1": -1.0030733041377513,
            "2": -0.6767763006127949,
            "3": -0.5190279352282348,
            "4": -0.4011245345482694,
            "4-0": 0.33048162315937224,
            "4-1": 0.6019487695894821
        },
        "max_drawdown_duration": 92,
        "avg_drawdown_duration": 24.75
    }
}