{
    "n_samples": 540,
    "n_steps": 70,
    "lags": 0,
    "model": "xgb",
    "full": {
        "mean_ann": 0.5489447699045595,
        "vol_ann": 0.2523644947820508,
        "sr_ann": 2.1752060264208084,
        "avg_drawdown": 0.0327394144435461,
        "max_drawdown": 0.1488244250109355,
        "calmar": 3.6885394978964205,
        "annualized_bin_mean": {
            "0": -0.5263619314148279,
            "1": -0.47327285010415715,
            "2": -0.4822810148837482,
            "3": -0.3923783524876046,
            "4": 0.022582838489731576,
            "4-0": 0.5489447699045595,
            "4-1": 0.49585568859388895
        },
        "max_drawdown_duration": 75,
        "avg_drawdown_duration": 8.923076923076923
    },
    "since": {
        "mean_ann": 0.45757921250911865,
        "vol_ann": 0.243505191959246,
        "sr_ann": 1.8791353433880824,
        "avg_drawdown": 0.022605708093265373,
        "max_drawdown": 0.08764338650312875,
        "calmar": 5.220921175755614,
        "annualized_bin_mean": {
            "0": -1.1872536989476188,
            "1": -1.1651029446698256,
            "2": -1.4139258962471675,
            "3": -1.3244441385442904,
            "4": -0.7296744864385005,
            "4-0": 0.45757921250911865,
            "4-1": 0.435428458231325
        },
        "max_drawdown_duration": 24,
        "avg_drawdown_duration": 8.88888888888889
    }
}