{
    "n_samples": 540,
    "n_steps": 90,
    "lags": 30,
    "model": "xgb",
    "full": {
        "mean_ann": 0.4615545939845141,
        "vol_ann": 0.25296628798588977,
        "sr_ann": 1.8245695806322588,
        "avg_drawdown": 0.03459459579824478,
        "max_drawdown": 0.16955386344306733,
        "calmar": 2.7221709055275793,
        "annualized_bin_mean": {
            "0": -0.5039856239152445,
            "1": -0.5558355334437725,
            "2": -0.42828924493477116,
            "3": -0.5499213182303017,
            "4": -0.0424310299307304,
            "4-0": 0.4615545939845141,
            "4-1": 0.5134045035130418
        },
        "max_drawdown_duration": 68,
        "avg_drawdown_duration": 9.126760563380282
    },
    "since": {
        "mean_ann": 0.2185683237431127,
        "vol_ann": 0.22150751525114679,
        "sr_ann": 0.98673096258291,
        "avg_drawdown": 0.04462202291866737,
        "max_drawdown": 0.10352129723524013,
        "calmar": 2.1113367933019767,
        "annualized_bin_mean": {
            "0": -1.812377761488142,
            "1": -1.9233475472273978,
            "2": -2.0382325267232395,
            "3": -2.608942693048338,
            "4": -1.5938094377450294,
            "4-0": 0.2185683237431127,
            "4-1": 0.3295381094823685
        },
        "max_drawdown_duration": 32,
        "avg_drawdown_duration": 14.0
    }
}