{
    "n_samples": 360,
    "n_steps": 40,
    "lags": 30,
    "model": "xgb",
    "full": {
        "mean_ann": 0.3137131995422865,
        "vol_ann": 0.2436913039755948,
        "sr_ann": 1.2873385074655936,
        "avg_drawdown": 0.06862232469985464,
        "max_drawdown": 0.2285885379948004,
        "calmar": 1.3723925193021813,
        "annualized_bin_mean": {
            "0": -0.4914501765131516,
            "1": -0.4715612507566433,
            "2": -0.5511487304558432,
            "3": -0.4036315937016977,
            "4": -0.17773697697086482,
            "4-0": 0.3137131995422865,
            "4-1": 0.2938242737857783
        },
        "max_drawdown_duration": 208,
        "avg_drawdown_duration": 17.61904761904762
    },
    "since": {
        "mean_ann": 0.30212709567008417,
        "vol_ann": 0.21634495338375687,
        "sr_ann": 1.3965063244815574,
        "avg_drawdown": 0.06296452545744666,
        "max_drawdown": 0.13398279288734627,
        "calmar": 2.2549693819572405,
        "annualized_bin_mean": {
            "0": -1.3175319474959806,
            "1": -1.600369929001273,
            "2": -1.2850389363894934,
            "3": -1.2847369627580993,
            "4": -1.0154048518258967,
            "4-0": 0.30212709567008417,
            "4-1": 0.5849650771753766
        },
        "max_drawdown_duration": 57,
        "avg_drawdown_duration": 16.0
    }
}