{
    "n_samples": 540,
    "n_steps": 60,
    "lags": 60,
    "model": "xgb",
    "full": {
        "mean_ann": 0.4043045630322611,
        "vol_ann": 0.2544088046181341,
        "sr_ann": 1.5891924952798686,
        "avg_drawdown": 0.0359757785096077,
        "max_drawdown": 0.16611693337492617,
        "calmar": 2.43385520559632,
        "annualized_bin_mean": {
            "0": -0.586501887153098,
            "1": -0.490306062431132,
            "2": -0.5591972224268429,
            "3": -0.47210182923554644,
            "4": -0.18219732412083692,
            "4-0": 0.4043045630322611,
            "4-1": 0.30810873831029506
        },
        "max_drawdown_duration": 95,
        "avg_drawdown_duration": 11.9
    },
    "since": {
        "mean_ann": 0.4998352655284796,
        "vol_ann": 0.24385909579562356,
        "sr_ann": 2.0496888332079592,
        "avg_drawdown": 0.0430135032207801,
        "max_drawdown": 0.09232938744648558,
        "calmar": 5.413609678913832,
        "annualized_bin_mean": {
            "0": -1.1986666085386684,
            "1": -1.265179137209216,
            "2": -1.689877428779392,
            "3": -0.9271369429573989,
            "4": -0.6988313430101885,
            "4-0": 0.4998352655284796,
            "4-1": 0.5663477941990283
        },
        "max_drawdown_duration": 40,
        "avg_drawdown_duration": 17.25
    }
}