{
    "n_samples": 360,
    "n_steps": 30,
    "lags": 30,
    "model": "xgb",
    "full": {
        "mean_ann": 0.30886613587532913,
        "vol_ann": 0.24755860967062945,
        "sr_ann": 1.247648531740697,
        "avg_drawdown": 0.06873512068393475,
        "max_drawdown": 0.2127431821516384,
        "calmar": 1.4518262477392885,
        "annualized_bin_mean": {
            "0": -0.4278392856325773,
            "1": -0.49568121251209907,
            "2": -0.4734120428121256,
            "3": -0.4130291033927297,
            "4": -0.1189731497572482,
            "4-0": 0.30886613587532913,
            "4-1": 0.376708062754851
        },
        "max_drawdown_duration": 216,
        "avg_drawdown_duration": 14.377358490566039
    },
    "since": {
        "mean_ann": -0.1276033843815925,
        "vol_ann": 0.23617478946026588,
        "sr_ann": -0.540292148341517,
        "avg_drawdown": 0.05042123735832023,
        "max_drawdown": 0.19794918332010347,
        "calmar": -0.6446269807299237,
        "annualized_bin_mean": {
            "0": -0.5663775179234334,
            "1": -1.3810943688868318,
            "2": -0.764568598269083,
            "3": -0.6591317000013678,
            "4": -0.6939809023050258,
            "4-0": -0.1276033843815925,
            "4-1": 0.6871134665818059
        },
        "max_drawdown_duration": 51,
        "avg_drawdown_duration": 16.5
    }
}