{
    "n_samples": 360,
    "n_steps": 10,
    "lags": 0,
    "model": "xgb",
    "full": {
        "mean_ann": 0.3533388282066844,
        "vol_ann": 0.25439230548930986,
        "sr_ann": 1.3889524980995642,
        "avg_drawdown": 0.058640582170870564,
        "max_drawdown": 0.21085987034192596,
        "calmar": 1.6757044744157223,
        "annualized_bin_mean": {
            "0": -0.26896796559574093,
            "1": -0.48523300469339103,
            "2": -0.36954713789290294,
            "3": -0.3133299490552772,
            "4": 0.08437086261094336,
            "4-0": 0.3533388282066844,
            "4-1": 0.5696038673043344
        },
        "max_drawdown_duration": 238,
        "avg_drawdown_duration": 12.950819672131148
    },
    "since": {
        "mean_ann": 0.1280216432410803,
        "vol_ann": 0.23031542477152728,
        "sr_ann": 0.5558535359413191,
        "avg_drawdown": 0.04189691240509305,
        "max_drawdown": 0.1726081490354066,
        "calmar": 0.7416894506806837,
        "annualized_bin_mean": {
            "0": -0.5836974310852531,
            "1": -0.7111135696433982,
            "2": -1.2101489848180949,
            "3": -1.2398165280409632,
            "4": -0.45567578784417256,
            "4-0": 0.1280216432410803,
            "4-1": 0.2554377817992255
        },
        "max_drawdown_duration": 27,
        "avg_drawdown_duration": 13.857142857142858
    }
}