{
    "n_samples": 540,
    "n_steps": 90,
    "lags": 60,
    "model": "xgb",
    "full": {
        "mean_ann": 0.38677657710949337,
        "vol_ann": 0.24872810345798785,
        "sr_ann": 1.5550175944425315,
        "avg_drawdown": 0.05295766952927977,
        "max_drawdown": 0.22525375343824183,
        "calmar": 1.7170705091737195,
        "annualized_bin_mean": {
            "0": -0.388013850945064,
            "1": -0.4819437884917791,
            "2": -0.3572512154484394,
            "3": -0.4082222292496541,
            "4": -0.0012372738355706156,
            "4-0": 0.38677657710949337,
            "4-1": 0.48070651465620834
        },
        "max_drawdown_duration": 233,
        "avg_drawdown_duration": 10.890625
    },
    "since": {
        "mean_ann": 0.45170316666934895,
        "vol_ann": 0.2100383401970582,
        "sr_ann": 2.1505748247941807,
        "avg_drawdown": 0.035648829588187034,
        "max_drawdown": 0.10352129723524013,
        "calmar": 4.36338394835708,
        "annualized_bin_mean": {
            "0": -1.083519519271842,
            "1": -0.9958054307395671,
            "2": -1.1788105589914828,
            "3": -1.5082977296013282,
            "4": -0.6318163526024929,
            "4-0": 0.45170316666934895,
            "4-1": 0.36398907813707393
        },
        "max_drawdown_duration": 52,
        "avg_drawdown_duration": 13.6
    }
}