{
    "n_samples": 540,
    "n_steps": 80,
    "lags": 30,
    "model": "xgb",
    "full": {
        "mean_ann": 0.4088049455076379,
        "vol_ann": 0.25799071934625195,
        "sr_ann": 1.5845722921489152,
        "avg_drawdown": 0.039868479274381904,
        "max_drawdown": 0.16668502092798632,
        "calmar": 2.452559583528839,
        "annualized_bin_mean": {
            "0": -0.4106177983047377,
            "1": -0.39175020387735704,
            "2": -0.4455086634907077,
            "3": -0.3106121393719501,
            "4": -0.0018128527970996257,
            "4-0": 0.4088049455076379,
            "4-1": 0.3899373510802575
        },
        "max_drawdown_duration": 97,
        "avg_drawdown_duration": 11.359375
    },
    "since": {
        "mean_ann": 0.08138582941230281,
        "vol_ann": 0.2468518252340408,
        "sr_ann": 0.3296950684287657,
        "avg_drawdown": 0.04722883958793956,
        "max_drawdown": 0.12902524092710535,
        "calmar": 0.6307744812372247,
        "annualized_bin_mean": {
            "0": -0.7048082973229745,
            "1": -1.2860855326239915,
            "2": -1.307146107668731,
            "3": -0.6484191113788207,
            "4": -0.6234224679106716,
            "4-0": 0.08138582941230281,
            "4-1": 0.6626630647133197
        },
        "max_drawdown_duration": 63,
        "avg_drawdown_duration": 19.2
    }
}