{
    "n_samples": 540,
    "n_steps": 10,
    "lags": 90,
    "model": "xgb",
    "full": {
        "mean_ann": 0.4979261749971731,
        "vol_ann": 0.24563055307506357,
        "sr_ann": 2.0271345268884735,
        "avg_drawdown": 0.03610958614327149,
        "max_drawdown": 0.15385171740121106,
        "calmar": 3.236403099087236,
        "annualized_bin_mean": {
            "0": -0.39857862497818114,
            "1": -0.3550923366657353,
            "2": -0.4253191103404021,
            "3": -0.27831940083583073,
            "4": 0.09934755001899205,
            "4-0": 0.4979261749971731,
            "4-1": 0.4544398866847273
        },
        "max_drawdown_duration": 178,
        "avg_drawdown_duration": 8.964705882352941
    },
    "since": {
        "mean_ann": 0.3038003507502998,
        "vol_ann": 0.25916814913237585,
        "sr_ann": 1.1722132976885484,
        "avg_drawdown": 0.05245208433708697,
        "max_drawdown": 0.11905199976907171,
        "calmar": 2.551829043943733,
        "annualized_bin_mean": {
            "0": -0.6273102719518437,
            "1": -1.0360973681893209,
            "2": -1.3586011736661685,
            "3": -0.8619900861839415,
            "4": -0.3235099212015438,
            "4-0": 0.3038003507502998,
            "4-1": 0.712587446987777
        },
        "max_drawdown_duration": 66,
        "avg_drawdown_duration": 17.666666666666668
    }
}