{
    "n_samples": 540,
    "n_steps": 80,
    "lags": 0,
    "model": "xgb",
    "full": {
        "mean_ann": 0.40663420588321353,
        "vol_ann": 0.2569215078033378,
        "sr_ann": 1.5827176531848564,
        "avg_drawdown": 0.04418715342336779,
        "max_drawdown": 0.1728535144144448,
        "calmar": 2.3524786710916445,
        "annualized_bin_mean": {
            "0": -0.538289808568167,
            "1": -0.5385688508454324,
            "2": -0.6028262021105132,
            "3": -0.47882861077036026,
            "4": -0.13165560268495352,
            "4-0": 0.40663420588321353,
            "4-1": 0.4069132481604789
        },
        "max_drawdown_duration": 177,
        "avg_drawdown_duration": 13.660377358490566
    },
    "since": {
        "mean_ann": 0.63578076264762,
        "vol_ann": 0.24407181000718664,
        "sr_ann": 2.604892234907831,
        "avg_drawdown": 0.022715064708018887,
        "max_drawdown": 0.06568528001115664,
        "calmar": 9.679196960713764,
        "annualized_bin_mean": {
            "0": -1.3009183740533674,
            "1": -1.2665931506024768,
            "2": -1.3583563146256044,
            "3": -0.7979725988560609,
            "4": -0.6651376114057472,
            "4-0": 0.63578076264762,
            "4-1": 0.6014555391967296
        },
        "max_drawdown_duration": 48,
        "avg_drawdown_duration": 9.285714285714286
    }
}