{
    "n_samples": 720,
    "n_steps": 70,
    "lags": 30,
    "model": "xgb",
    "full": {
        "mean_ann": 0.27367763704882514,
        "vol_ann": 0.2336590795081197,
        "sr_ann": 1.1712690027922275,
        "avg_drawdown": 0.05274738724593788,
        "max_drawdown": 0.2540809955385497,
        "calmar": 1.0771275374954292,
        "annualized_bin_mean": {
            "0": -0.5799550723473011,
            "1": -0.5850065091178159,
            "2": -0.5956477652136155,
            "3": -0.5290493413270335,
            "4": -0.30627743529847606,
            "4-0": 0.27367763704882514,
            "4-1": 0.27872907381933987
        },
        "max_drawdown_duration": 112,
        "avg_drawdown_duration": 13.627450980392156
    },
    "since": {
        "mean_ann": 0.42292714988248825,
        "vol_ann": 0.20130440027211302,
        "sr_ann": 2.1009334585374035,
        "avg_drawdown": 0.027195946668522313,
        "max_drawdown": 0.08735260497635308,
        "calmar": 4.841608902184169,
        "annualized_bin_mean": {
            "0": -1.182601445050466,
            "1": -1.527835791365457,
            "2": -1.2919511216210007,
            "3": -1.0565319432194156,
            "4": -0.7596742951679776,
            "4-0": 0.42292714988248825,
            "4-1": 0.7681614961974793
        },
        "max_drawdown_duration": 42,
        "avg_drawdown_duration": 9.444444444444445
    }
}