{
    "n_samples": 360,
    "n_steps": 90,
    "lags": 90,
    "model": "xgb",
    "full": {
        "mean_ann": 0.4876789786068552,
        "vol_ann": 0.2338510342820875,
        "sr_ann": 2.085425792979742,
        "avg_drawdown": 0.032395420235444165,
        "max_drawdown": 0.16158131747349733,
        "calmar": 3.018164390736848,
        "annualized_bin_mean": {
            "0": -0.5599534801754062,
            "1": -0.474827243429313,
            "2": -0.5690010742528955,
            "3": -0.40425270110945927,
            "4": -0.07227450156855085,
            "4-0": 0.4876789786068552,
            "4-1": 0.402552741860762
        },
        "max_drawdown_duration": 117,
        "avg_drawdown_duration": 9.013157894736842
    },
    "since": {
        "mean_ann": 0.7430350378933721,
        "vol_ann": 0.2281136582596374,
        "sr_ann": 3.2573018361208987,
        "avg_drawdown": 0.01804299182479517,
        "max_drawdown": 0.08317969461888225,
        "calmar": 8.932889707011489,
        "annualized_bin_mean": {
            "0": -0.7947542949663347,
            "1": -0.9836457467484613,
            "2": -1.028566552332999,
            "3": -0.9900624979057655,
            "4": -0.051719257072962765,
            "4-0": 0.7430350378933721,
            "4-1": 0.9319264896754984
        },
        "max_drawdown_duration": 23,
        "avg_drawdown_duration": 5.066666666666666
    }
}