{
    "n_samples": 360,
    "n_steps": 90,
    "lags": 30,
    "model": "xgb",
    "full": {
        "mean_ann": 0.3919483015931463,
        "vol_ann": 0.23622224120852559,
        "sr_ann": 1.6592353860835367,
        "avg_drawdown": 0.08252834191857171,
        "max_drawdown": 0.28023777970853964,
        "calmar": 1.3986276297249816,
        "annualized_bin_mean": {
            "0": -0.4735353928177589,
            "1": -0.4518097351160415,
            "2": -0.5950577868944784,
            "3": -0.4760768372180254,
            "4": -0.0815870912246126,
            "4-0": 0.3919483015931463,
            "4-1": 0.3702226438914289
        },
        "max_drawdown_duration": 206,
        "avg_drawdown_duration": 12.641509433962264
    },
    "since": {
        "mean_ann": 1.3976082584048408,
        "vol_ann": 0.2384100042854634,
        "sr_ann": 5.862204745113782,
        "avg_drawdown": 0.008090930295894494,
        "max_drawdown": 0.04868649532539979,
        "calmar": 28.7062818768084,
        "annualized_bin_mean": {
            "0": -2.3487204862118243,
            "1": -2.1588961085635368,
            "2": -2.2108622361520487,
            "3": -2.32332172934993,
            "4": -0.9511122278069833,
            "4-0": 1.3976082584048408,
            "4-1": 1.2077838807565533
        },
        "max_drawdown_duration": 7,
        "avg_drawdown_duration": 2.7777777777777777
    }
}