{
    "n_samples": 720,
    "n_steps": 5,
    "lags": 30,
    "model": "xgb",
    "full": {
        "mean_ann": 0.384018288854073,
        "vol_ann": 0.23139060726697763,
        "sr_ann": 1.659610532120667,
        "avg_drawdown": 0.034217574810005195,
        "max_drawdown": 0.13316082150978853,
        "calmar": 2.883868426914475,
        "annualized_bin_mean": {
            "0": -0.5385071464208618,
            "1": -0.48780996515955666,
            "2": -0.663891696791919,
            "3": -0.6009759326981259,
            "4": -0.1544888575667889,
            "4-0": 0.384018288854073,
            "4-1": 0.33332110759276773
        },
        "max_drawdown_duration": 91,
        "avg_drawdown_duration": 11.027777777777779
    },
    "since": {
        "mean_ann": 0.5745826443245191,
        "vol_ann": 0.2564274706206076,
        "sr_ann": 2.240721881060208,
        "avg_drawdown": 0.02226159829928309,
        "max_drawdown": 0.11249984498677529,
        "calmar": 5.107408320358691,
        "annualized_bin_mean": {
            "0": -0.5529534403724832,
            "1": -0.7065385486638489,
            "2": -0.7077346175971301,
            "3": -0.9540171893891708,
            "4": 0.021629203952035676,
            "4-0": 0.5745826443245191,
            "4-1": 0.7281677526158846
        },
        "max_drawdown_duration": 25,
        "avg_drawdown_duration": 8.75
    }
}