{
    "n_samples": 540,
    "n_steps": 20,
    "lags": 90,
    "model": "xgb",
    "full": {
        "mean_ann": 0.5474316411722078,
        "vol_ann": 0.25873548117616,
        "sr_ann": 2.115796560578752,
        "avg_drawdown": 0.029816540465974716,
        "max_drawdown": 0.16444057943122048,
        "calmar": 3.329054440611349,
        "annualized_bin_mean": {
            "0": -0.42567136328195027,
            "1": -0.3235044040184833,
            "2": -0.37979877338853646,
            "3": -0.2563799161632526,
            "4": 0.12176027789025756,
            "4-0": 0.5474316411722078,
            "4-1": 0.44526468190874063
        },
        "max_drawdown_duration": 95,
        "avg_drawdown_duration": 8.364705882352942
    },
    "since": {
        "mean_ann": 0.21244955594727088,
        "vol_ann": 0.26666696376705606,
        "sr_ann": 0.7966849471944857,
        "avg_drawdown": 0.0486753782751192,
        "max_drawdown": 0.14207395297275363,
        "calmar": 1.4953448644313683,
        "annualized_bin_mean": {
            "0": -0.6397384709435928,
            "1": -1.0210950272564492,
            "2": -1.4767442560358883,
            "3": -0.6843083969097045,
            "4": -0.42728891499632177,
            "4-0": 0.21244955594727088,
            "4-1": 0.5938061122601275
        },
        "max_drawdown_duration": 65,
        "avg_drawdown_duration": 16.666666666666668
    }
}