{
    "n_samples": 360,
    "n_steps": 5,
    "lags": 30,
    "model": "xgb",
    "full": {
        "mean_ann": 0.207155680899578,
        "vol_ann": 0.25295458814477373,
        "sr_ann": 0.8189441528572567,
        "avg_drawdown": 0.08775791732783225,
        "max_drawdown": 0.34256096724115936,
        "calmar": 0.60472645954944,
        "annualized_bin_mean": {
            "0": -0.2595617142736612,
            "1": -0.43033639486163316,
            "2": -0.4850154357131596,
            "3": -0.28664840543420533,
            "4": -0.052406033374083096,
            "4-0": 0.207155680899578,
            "4-1": 0.37793036148754994
        },
        "max_drawdown_duration": 227,
        "avg_drawdown_duration": 28.90625
    },
    "since": {
        "mean_ann": -0.3588584875570263,
        "vol_ann": 0.24889894011476238,
        "sr_ann": -1.441783911942589,
        "avg_drawdown": 0.07166527234071783,
        "max_drawdown": 0.3065806432595506,
        "calmar": -1.1705190638967296,
        "annualized_bin_mean": {
            "0": -0.1331526199566876,
            "1": -0.8094182344999976,
            "2": -0.7613457910097694,
            "3": -0.6802282047902476,
            "4": -0.49201110751371385,
            "4-0": -0.3588584875570263,
            "4-1": 0.3174071269862839
        },
        "max_drawdown_duration": 91,
        "avg_drawdown_duration": 41.666666666666664
    }
}