{
    "n_samples": 360,
    "n_steps": 5,
    "lags": 90,
    "model": "xgb",
    "full": {
        "mean_ann": 0.3848434825072436,
        "vol_ann": 0.25201019340600733,
        "sr_ann": 1.527094905590711,
        "avg_drawdown": 0.06664901295458579,
        "max_drawdown": 0.31431267297872667,
        "calmar": 1.2243969638898098,
        "annualized_bin_mean": {
            "0": -0.413995073368498,
            "1": -0.3207838375166357,
            "2": -0.5436485065739746,
            "3": -0.20994353292027698,
            "4": -0.029151590861254233,
            "4-0": 0.3848434825072436,
            "4-1": 0.2916322466553813
        },
        "max_drawdown_duration": 154,
        "avg_drawdown_duration": 15.818181818181818
    },
    "since": {
        "mean_ann": 0.33390907020224714,
        "vol_ann": 0.23956487047275354,
        "sr_ann": 1.3938148341337202,
        "avg_drawdown": 0.030958448414993338,
        "max_drawdown": 0.1424950770507917,
        "calmar": 2.343302499378465,
        "annualized_bin_mean": {
            "0": -0.614682363902097,
            "1": -0.6634458668762405,
            "2": -0.7252373635779936,
            "3": -0.60303911917414,
            "4": -0.2807732936998497,
            "4-0": 0.33390907020224714,
            "4-1": 0.3826725731763904
        },
        "max_drawdown_duration": 33,
        "avg_drawdown_duration": 13.625
    }
}