{
    "n_samples": 540,
    "n_steps": 70,
    "lags": 60,
    "model": "xgb",
    "full": {
        "mean_ann": 0.4689942567543091,
        "vol_ann": 0.24332669521587577,
        "sr_ann": 1.9274262379564415,
        "avg_drawdown": 0.04207875473344714,
        "max_drawdown": 0.20419731951506925,
        "calmar": 2.296769898194959,
        "annualized_bin_mean": {
            "0": -0.4916809653142871,
            "1": -0.405468783336328,
            "2": -0.5221172630475178,
            "3": -0.32591955217834134,
            "4": -0.022686708559978,
            "4-0": 0.4689942567543091,
            "4-1": 0.38278207477634985
        },
        "max_drawdown_duration": 101,
        "avg_drawdown_duration": 10.890625
    },
    "since": {
        "mean_ann": 0.7110062650938658,
        "vol_ann": 0.23577942332079468,
        "sr_ann": 3.0155568924540592,
        "avg_drawdown": 0.033350666005269404,
        "max_drawdown": 0.09232938744648561,
        "calmar": 7.700757957545934,
        "annualized_bin_mean": {
            "0": -1.4767356139301195,
            "1": -1.1792603617933786,
            "2": -1.8461410398145985,
            "3": -1.2901839754112532,
            "4": -0.7657293488362539,
            "4-0": 0.7110062650938658,
            "4-1": 0.41353101295712424
        },
        "max_drawdown_duration": 40,
        "avg_drawdown_duration": 9.571428571428571
    }
}