{
    "n_samples": 540,
    "n_steps": 10,
    "lags": 0,
    "model": "xgb",
    "full": {
        "mean_ann": 0.4933174229983476,
        "vol_ann": 0.2445506067099851,
        "sr_ann": 2.017240642479278,
        "avg_drawdown": 0.03687088732347576,
        "max_drawdown": 0.17479110902030515,
        "calmar": 2.8223256077689847,
        "annualized_bin_mean": {
            "0": -0.3340445714662626,
            "1": -0.4618259835707096,
            "2": -0.4445531791844003,
            "3": -0.2776818582794947,
            "4": 0.15927285153208504,
            "4-0": 0.4933174229983476,
            "4-1": 0.6210988351027945
        },
        "max_drawdown_duration": 141,
        "avg_drawdown_duration": 11.014285714285714
    },
    "since": {
        "mean_ann": 0.2965705591761929,
        "vol_ann": 0.2494371499455513,
        "sr_ann": 1.1889590593900314,
        "avg_drawdown": 0.043924931083954656,
        "max_drawdown": 0.1379499172880072,
        "calmar": 2.1498422398979975,
        "annualized_bin_mean": {
            "0": -0.6540812023843992,
            "1": -0.9810898711863859,
            "2": -1.4768745685379236,
            "3": -0.7307221145043123,
            "4": -0.35751064320820597,
            "4-0": 0.2965705591761929,
            "4-1": 0.6235792279781799
        },
        "max_drawdown_duration": 60,
        "avg_drawdown_duration": 13.0
    }
}