{
    "n_samples": 360,
    "n_steps": 20,
    "lags": 30,
    "model": "xgb",
    "full": {
        "mean_ann": 0.3301647641537874,
        "vol_ann": 0.25511269144884746,
        "sr_ann": 1.2941918423528866,
        "avg_drawdown": 0.08060481336887439,
        "max_drawdown": 0.31639865146980184,
        "calmar": 1.04350875902927,
        "annualized_bin_mean": {
            "0": -0.27364815261675984,
            "1": -0.2572779546879708,
            "2": -0.5094600012121367,
            "3": -0.2738080485672121,
            "4": 0.05651661153702747,
            "4-0": 0.3301647641537874,
            "4-1": 0.3137945662249984
        },
        "max_drawdown_duration": 266,
        "avg_drawdown_duration": 19.073170731707318
    },
    "since": {
        "mean_ann": 0.28039074233190114,
        "vol_ann": 0.2366502227670186,
        "sr_ann": 1.1848319391101734,
        "avg_drawdown": 0.035603695737644374,
        "max_drawdown": 0.14417225091412678,
        "calmar": 1.944831550829501,
        "annualized_bin_mean": {
            "0": -0.8027187196709494,
            "1": -0.8898096826776631,
            "2": -1.2371207178546244,
            "3": -0.7925654868427092,
            "4": -0.5223279773390487,
            "4-0": 0.28039074233190114,
            "4-1": 0.36748170533861485
        },
        "max_drawdown_duration": 25,
        "avg_drawdown_duration": 10.0
    }
}