{
    "n_samples": 540,
    "n_steps": 50,
    "lags": 30,
    "model": "xgb",
    "full": {
        "mean_ann": 0.42775870554721157,
        "vol_ann": 0.24526499825074707,
        "sr_ann": 1.744067472317806,
        "avg_drawdown": 0.03895641794611366,
        "max_drawdown": 0.16165031026904475,
        "calmar": 2.6461978627524188,
        "annualized_bin_mean": {
            "0": -0.49314977878700506,
            "1": -0.4334465026032446,
            "2": -0.4406515499220032,
            "3": -0.2358444752692242,
            "4": -0.06539107323979348,
            "4-0": 0.42775870554721157,
            "4-1": 0.36805542936345126
        },
        "max_drawdown_duration": 100,
        "avg_drawdown_duration": 10.447761194029852
    },
    "since": {
        "mean_ann": -0.043464622733387484,
        "vol_ann": 0.21388689238717262,
        "sr_ann": -0.2032131200200381,
        "avg_drawdown": 0.07146175593209525,
        "max_drawdown": 0.14252919220437893,
        "calmar": -0.3049524245605885,
        "annualized_bin_mean": {
            "0": -0.8085640375154827,
            "1": -1.3764277994831748,
            "2": -1.1911457755448303,
            "3": -0.8452991211977201,
            "4": -0.8520286602488701,
            "4-0": -0.043464622733387484,
            "4-1": 0.5243991392343048
        },
        "max_drawdown_duration": 97,
        "avg_drawdown_duration": 97.0
    }
}