{
    "n_samples": 360,
    "n_steps": 30,
    "lags": 0,
    "model": "xgb",
    "full": {
        "mean_ann": 0.39681537580278625,
        "vol_ann": 0.26108089013747,
        "sr_ann": 1.5198943729426018,
        "avg_drawdown": 0.053104200327273095,
        "max_drawdown": 0.2295702954469243,
        "calmar": 1.7285135911432772,
        "annualized_bin_mean": {
            "0": -0.43637972017129506,
            "1": -0.5595038650727738,
            "2": -0.5059758969985799,
            "3": -0.3850969212339586,
            "4": -0.03956434436850891,
            "4-0": 0.39681537580278625,
            "4-1": 0.5199395207042649
        },
        "max_drawdown_duration": 176,
        "avg_drawdown_duration": 14.056603773584905
    },
    "since": {
        "mean_ann": 0.1491343982301469,
        "vol_ann": 0.2548207495025321,
        "sr_ann": 0.5852521763682552,
        "avg_drawdown": 0.03822309961550965,
        "max_drawdown": 0.13421078215152055,
        "calmar": 1.1111953588183248,
        "annualized_bin_mean": {
            "0": -0.5120578496577072,
            "1": -0.6911115817426842,
            "2": -1.1822076700600639,
            "3": -1.319938415964393,
            "4": -0.3629234514275605,
            "4-0": 0.1491343982301469,
            "4-1": 0.32818813031512345
        },
        "max_drawdown_duration": 51,
        "avg_drawdown_duration": 13.0
    }
}