{
    "n_samples": 540,
    "n_steps": 60,
    "lags": 90,
    "model": "xgb",
    "full": {
        "mean_ann": 0.4589343605546139,
        "vol_ann": 0.25270981941290954,
        "sr_ann": 1.8160527423144899,
        "avg_drawdown": 0.03124921542839544,
        "max_drawdown": 0.16427749734280583,
        "calmar": 2.7936532268746053,
        "annualized_bin_mean": {
            "0": -0.4069676585306731,
            "1": -0.427491209324226,
            "2": -0.3078643282814971,
            "3": -0.4542383832589968,
            "4": 0.051966702023940735,
            "4-0": 0.4589343605546139,
            "4-1": 0.47945791134816684
        },
        "max_drawdown_duration": 94,
        "avg_drawdown_duration": 8.775
    },
    "since": {
        "mean_ann": 0.7724593710578935,
        "vol_ann": 0.2418669672513221,
        "sr_ann": 3.1937365397038158,
        "avg_drawdown": 0.02048074647314607,
        "max_drawdown": 0.07798117172155086,
        "calmar": 9.905716392876625,
        "annualized_bin_mean": {
            "0": -0.9610554426639054,
            "1": -0.9221208874875753,
            "2": -1.0599828019376136,
            "3": -0.77631088647468,
            "4": -0.18859607160601194,
            "4-0": 0.7724593710578935,
            "4-1": 0.7335248158815636
        },
        "max_drawdown_duration": 25,
        "avg_drawdown_duration": 5.214285714285714
    }
}