{
    "n_samples": 360,
    "n_steps": 40,
    "lags": 0,
    "model": "xgb",
    "full": {
        "mean_ann": 0.26226858927970986,
        "vol_ann": 0.2531400603881683,
        "sr_ann": 1.0360611784541087,
        "avg_drawdown": 0.07939586215130727,
        "max_drawdown": 0.2597076965450345,
        "calmar": 1.0098606732443576,
        "annualized_bin_mean": {
            "0": -0.2628215810965796,
            "1": -0.5718332146222553,
            "2": -0.35312210728693516,
            "3": -0.33550252590016894,
            "4": -0.0005529918168696545,
            "4-0": 0.26226858927970986,
            "4-1": 0.5712802228053855
        },
        "max_drawdown_duration": 284,
        "avg_drawdown_duration": 20.324324324324323
    },
    "since": {
        "mean_ann": -0.04728668163428158,
        "vol_ann": 0.23372134478203202,
        "sr_ann": -0.20232076654522518,
        "avg_drawdown": 0.03994823375755298,
        "max_drawdown": 0.13353032431092873,
        "calmar": -0.3541269137051847,
        "annualized_bin_mean": {
            "0": -0.6437579853056857,
            "1": -1.1628578015802296,
            "2": -1.32895715596377,
            "3": -1.032055359442203,
            "4": -0.6910446669399669,
            "4-0": -0.04728668163428158,
            "4-1": 0.4718131346402624
        },
        "max_drawdown_duration": 27,
        "avg_drawdown_duration": 14.666666666666666
    }
}