{
    "n_samples": 360,
    "n_steps": 90,
    "lags": 0,
    "model": "xgb",
    "full": {
        "mean_ann": 0.3355491431994404,
        "vol_ann": 0.2366881555975052,
        "sr_ann": 1.417684557777581,
        "avg_drawdown": 0.07168705357621144,
        "max_drawdown": 0.245551776119334,
        "calmar": 1.3665107559082335,
        "annualized_bin_mean": {
            "0": -0.4224964267244996,
            "1": -0.6473880007899226,
            "2": -0.5246464171299832,
            "3": -0.3982616178616396,
            "4": -0.08694728352505925,
            "4-0": 0.3355491431994404,
            "4-1": 0.5604407172648636
        },
        "max_drawdown_duration": 212,
        "avg_drawdown_duration": 12.322033898305085
    },
    "since": {
        "mean_ann": 0.3593502587259347,
        "vol_ann": 0.2590959622257273,
        "sr_ann": 1.3869388609493833,
        "avg_drawdown": 0.03534777767870418,
        "max_drawdown": 0.15009865924535615,
        "calmar": 2.3940937283025896,
        "annualized_bin_mean": {
            "0": -0.5689880929021168,
            "1": -1.1727019141569819,
            "2": -0.85113730449877,
            "3": -1.0435248696699337,
            "4": -0.20963783417618212,
            "4-0": 0.3593502587259347,
            "4-1": 0.9630640799807993
        },
        "max_drawdown_duration": 27,
        "avg_drawdown_duration": 7.818181818181818
    }
}