{
    "n_samples": 720,
    "n_steps": 10,
    "lags": 90,
    "model": "xgb",
    "full": {
        "mean_ann": 0.2664436787627999,
        "vol_ann": 0.24212440122787146,
        "sr_ann": 1.100441250083013,
        "avg_drawdown": 0.05469373778738361,
        "max_drawdown": 0.1982000910275269,
        "calmar": 1.3443166316497557,
        "annualized_bin_mean": {
            "0": -0.4559457308488793,
            "1": -0.5100987618245925,
            "2": -0.6084978577976253,
            "3": -0.5879811365968304,
            "4": -0.18950205208607954,
            "4-0": 0.2664436787627999,
            "4-1": 0.32059670973851306
        },
        "max_drawdown_duration": 112,
        "avg_drawdown_duration": 16.227272727272727
    },
    "since": {
        "mean_ann": 0.45641347376560737,
        "vol_ann": 0.22862711473815894,
        "sr_ann": 1.9963225896820094,
        "avg_drawdown": 0.04266963338618884,
        "max_drawdown": 0.12560516882891049,
        "calmar": 3.6337156983348193,
        "annualized_bin_mean": {
            "0": -0.9258109297604085,
            "1": -0.9054238148538265,
            "2": -1.0756836639499505,
            "3": -0.8283764407967703,
            "4": -0.4693974559948009,
            "4-0": 0.45641347376560737,
            "4-1": 0.4360263588590254
        },
        "max_drawdown_duration": 60,
        "avg_drawdown_duration": 14.428571428571429
    }
}