{
    "n_samples": 720,
    "n_steps": 20,
    "lags": 30,
    "model": "xgb",
    "full": {
        "mean_ann": 0.3918217883786648,
        "vol_ann": 0.24487618063435257,
        "sr_ann": 1.6000812629617513,
        "avg_drawdown": 0.042982664704473525,
        "max_drawdown": 0.184129660446694,
        "calmar": 2.127966713391612,
        "annualized_bin_mean": {
            "0": -0.4921507036018159,
            "1": -0.4384233984040044,
            "2": -0.6509445711608106,
            "3": -0.359818266149925,
            "4": -0.10032891522315115,
            "4-0": 0.3918217883786648,
            "4-1": 0.3380944831808532
        },
        "max_drawdown_duration": 92,
        "avg_drawdown_duration": 13.283018867924529
    },
    "since": {
        "mean_ann": 0.8629618112543638,
        "vol_ann": 0.2368930661575588,
        "sr_ann": 3.6428327145734327,
        "avg_drawdown": 0.019371416614751575,
        "max_drawdown": 0.08735260497635308,
        "calmar": 9.879062123997025,
        "annualized_bin_mean": {
            "0": -1.0313458944819318,
            "1": -0.933609273456227,
            "2": -1.3199889644801797,
            "3": -0.8005552086812486,
            "4": -0.16838408322756787,
            "4-0": 0.8629618112543638,
            "4-1": 0.7652251902286586
        },
        "max_drawdown_duration": 26,
        "avg_drawdown_duration": 5.846153846153846
    }
}