{
    "n_samples": 720,
    "n_steps": 30,
    "lags": 90,
    "model": "xgb",
    "full": {
        "mean_ann": 0.16976183808588852,
        "vol_ann": 0.2502759071408397,
        "sr_ann": 0.678298762454818,
        "avg_drawdown": 0.1284921696347701,
        "max_drawdown": 0.37363264793596385,
        "calmar": 0.45435493665688353,
        "annualized_bin_mean": {
            "0": -0.41188507901156096,
            "1": -0.7832762589782519,
            "2": -0.6692914602349018,
            "3": -0.5931599417896491,
            "4": -0.24212324092567242,
            "4-0": 0.16976183808588852,
            "4-1": 0.5411530180525795
        },
        "max_drawdown_duration": 404,
        "avg_drawdown_duration": 23.620689655172413
    },
    "since": {
        "mean_ann": 0.41206940906367856,
        "vol_ann": 0.24610026235956478,
        "sr_ann": 1.674396463916095,
        "avg_drawdown": 0.061977472021602746,
        "max_drawdown": 0.12984209907405572,
        "calmar": 3.173619434700096,
        "annualized_bin_mean": {
            "0": -0.723696387926155,
            "1": -1.098778725485561,
            "2": -0.9954471764475161,
            "3": -0.9514533312926818,
            "4": -0.3116269788624762,
            "4-0": 0.41206940906367856,
            "4-1": 0.787151746623085
        },
        "max_drawdown_duration": 77,
        "avg_drawdown_duration": 20.0
    }
}