{
    "n_samples": 720,
    "n_steps": 5,
    "lags": 60,
    "model": "xgb",
    "full": {
        "mean_ann": 0.13345906729450926,
        "vol_ann": 0.22472608931322618,
        "sr_ann": 0.5938743814853301,
        "avg_drawdown": 0.07327375925129476,
        "max_drawdown": 0.28189265825251564,
        "calmar": 0.47343931595039423,
        "annualized_bin_mean": {
            "0": -0.5580417535117088,
            "1": -0.7259115918226784,
            "2": -0.6005608711177464,
            "3": -0.5638762259974048,
            "4": -0.42458268621719913,
            "4-0": 0.13345906729450926,
            "4-1": 0.30132890560547904
        },
        "max_drawdown_duration": 296,
        "avg_drawdown_duration": 32.53846153846154
    },
    "since": {
        "mean_ann": 0.20064395783354425,
        "vol_ann": 0.23756045772207823,
        "sr_ann": 0.8446016637511173,
        "avg_drawdown": 0.054498794159133536,
        "max_drawdown": 0.14958355926479633,
        "calmar": 1.3413503383641219,
        "annualized_bin_mean": {
            "0": -0.5701427478324825,
            "1": -0.6528943108691445,
            "2": -0.6618831235182162,
            "3": -0.6335796396468639,
            "4": -0.3694987899989376,
            "4-0": 0.20064395783354425,
            "4-1": 0.28339552087020714
        },
        "max_drawdown_duration": 74,
        "avg_drawdown_duration": 23.2
    }
}