{
    "n_samples": 360,
    "n_steps": 70,
    "lags": 0,
    "model": "xgb",
    "full": {
        "mean_ann": 0.19797059008216564,
        "vol_ann": 0.2493991272422655,
        "sr_ann": 0.79379022802216,
        "avg_drawdown": 0.14909898495181306,
        "max_drawdown": 0.429890663474056,
        "calmar": 0.4605138164255879,
        "annualized_bin_mean": {
            "0": -0.3984076227202575,
            "1": -0.6845036841648149,
            "2": -0.37773298040277,
            "3": -0.3333767216295658,
            "4": -0.2004370326380918,
            "4-0": 0.19797059008216564,
            "4-1": 0.4840666515267232
        },
        "max_drawdown_duration": 438,
        "avg_drawdown_duration": 27.40740740740741
    },
    "since": {
        "mean_ann": -0.05593373826188767,
        "vol_ann": 0.22741304724823128,
        "sr_ann": -0.24595659281076143,
        "avg_drawdown": 0.04025796199294541,
        "max_drawdown": 0.08319456963786814,
        "calmar": -0.672324389745121,
        "annualized_bin_mean": {
            "0": -1.5500151068299917,
            "1": -2.388705381648587,
            "2": -1.1786279693686657,
            "3": -1.60708892774365,
            "4": -1.6059488450918793,
            "4-0": -0.05593373826188767,
            "4-1": 0.7827565365567078
        },
        "max_drawdown_duration": 28,
        "avg_drawdown_duration": 27.5
    }
}