{
    "n_samples": 540,
    "n_steps": 10,
    "lags": 60,
    "model": "xgb",
    "full": {
        "mean_ann": 0.40123582337208685,
        "vol_ann": 0.24692303066540122,
        "sr_ann": 1.6249428912760704,
        "avg_drawdown": 0.036772873779708816,
        "max_drawdown": 0.16260759267990377,
        "calmar": 2.467509768513254,
        "annualized_bin_mean": {
            "0": -0.3633541538492734,
            "1": -0.3203626458689796,
            "2": -0.40488434115244304,
            "3": -0.30330769606902513,
            "4": 0.03788166952281356,
            "4-0": 0.40123582337208685,
            "4-1": 0.3582443153917931
        },
        "max_drawdown_duration": 89,
        "avg_drawdown_duration": 11.478260869565217
    },
    "since": {
        "mean_ann": 0.30568749913358073,
        "vol_ann": 0.2545014542999651,
        "sr_ann": 1.2011227989812812,
        "avg_drawdown": 0.03787251543932055,
        "max_drawdown": 0.1443067471535565,
        "calmar": 2.1183174395047466,
        "annualized_bin_mean": {
            "0": -0.7081835104154078,
            "1": -0.9580250604399312,
            "2": -1.1296568714474926,
            "3": -1.0083433066693646,
            "4": -0.40249601128182716,
            "4-0": 0.30568749913358073,
            "4-1": 0.555529049158104
        },
        "max_drawdown_duration": 26,
        "avg_drawdown_duration": 9.8
    }
}