{
    "n_samples": 720,
    "n_steps": 30,
    "lags": 60,
    "model": "xgb",
    "full": {
        "mean_ann": 0.1872513477152756,
        "vol_ann": 0.22792027984062735,
        "sr_ann": 0.8215651009476235,
        "avg_drawdown": 0.0706711043903662,
        "max_drawdown": 0.2612060430728407,
        "calmar": 0.7168721883783452,
        "annualized_bin_mean": {
            "0": -0.6184042507266083,
            "1": -0.722749660684728,
            "2": -0.7025189857925598,
            "3": -0.665317538823701,
            "4": -0.43115290301133263,
            "4-0": 0.1872513477152756,
            "4-1": 0.29159675767339543
        },
        "max_drawdown_duration": 282,
        "avg_drawdown_duration": 20.823529411764707
    },
    "since": {
        "mean_ann": 0.3059840965570649,
        "vol_ann": 0.22784255299133138,
        "sr_ann": 1.342962903723724,
        "avg_drawdown": 0.05469025349603614,
        "max_drawdown": 0.12343325366059295,
        "calmar": 2.4789437812150354,
        "annualized_bin_mean": {
            "0": -0.8931784567396108,
            "1": -0.8601540893301024,
            "2": -0.7905562058737028,
            "3": -0.9431914920985632,
            "4": -0.5871943601825459,
            "4-0": 0.3059840965570649,
            "4-1": 0.27295972914755606
        },
        "max_drawdown_duration": 61,
        "avg_drawdown_duration": 14.0
    }
}