{
    "n_samples": 360,
    "n_steps": 60,
    "lags": 60,
    "model": "xgb",
    "full": {
        "mean_ann": 0.3154731296271031,
        "vol_ann": 0.24641672783863316,
        "sr_ann": 1.2802423455346414,
        "avg_drawdown": 0.06724935917908817,
        "max_drawdown": 0.28526845808650214,
        "calmar": 1.1058815676405485,
        "annualized_bin_mean": {
            "0": -0.5615682346531946,
            "1": -0.5282002490014146,
            "2": -0.6262917180927213,
            "3": -0.3281071192427861,
            "4": -0.2460951050260916,
            "4-0": 0.3154731296271031,
            "4-1": 0.282105143975323
        },
        "max_drawdown_duration": 194,
        "avg_drawdown_duration": 13.222222222222221
    },
    "since": {
        "mean_ann": 0.7781945351510035,
        "vol_ann": 0.20052217027108005,
        "sr_ann": 3.880840378392998,
        "avg_drawdown": 0.008339772506471665,
        "max_drawdown": 0.037325520846493654,
        "calmar": 20.848859372959208,
        "annualized_bin_mean": {
            "0": -1.6347769326342225,
            "1": -1.3341488563964339,
            "2": -1.008911634437321,
            "3": -0.9684032568458766,
            "4": -0.8565823974832192,
            "4-0": 0.7781945351510035,
            "4-1": 0.477566458913215
        },
        "max_drawdown_duration": 15,
        "avg_drawdown_duration": 3.7857142857142856
    }
}