{
    "n_samples": 540,
    "n_steps": 50,
    "lags": 60,
    "model": "xgb",
    "full": {
        "mean_ann": 0.4204552071546388,
        "vol_ann": 0.2415335582579025,
        "sr_ann": 1.740773456853101,
        "avg_drawdown": 0.05389292497820174,
        "max_drawdown": 0.23883779350805967,
        "calmar": 1.760421585625017,
        "annualized_bin_mean": {
            "0": -0.5583905458545897,
            "1": -0.5376245522150451,
            "2": -0.4855814097214947,
            "3": -0.27561855179991,
            "4": -0.13793533869995103,
            "4-0": 0.4204552071546388,
            "4-1": 0.39968921351509423
        },
        "max_drawdown_duration": 190,
        "avg_drawdown_duration": 10.692307692307692
    },
    "since": {
        "mean_ann": 0.38719224961443355,
        "vol_ann": 0.23985428326417493,
        "sr_ann": 1.6142811558131773,
        "avg_drawdown": 0.06348123838450806,
        "max_drawdown": 0.12638936995664918,
        "calmar": 3.0634874574280913,
        "annualized_bin_mean": {
            "0": -1.246176504182358,
            "1": -1.5961586983936265,
            "2": -1.9468482571283172,
            "3": -1.1510536190934233,
            "4": -0.8589842545679245,
            "4-0": 0.38719224961443355,
            "4-1": 0.7371744438257016
        },
        "max_drawdown_duration": 56,
        "avg_drawdown_duration": 17.25
    }
}