{
    "n_samples": 360,
    "n_steps": 80,
    "lags": 60,
    "model": "xgb",
    "full": {
        "mean_ann": 0.32478608034510426,
        "vol_ann": 0.24415352124734835,
        "sr_ann": 1.3302535170732526,
        "avg_drawdown": 0.049727804823780676,
        "max_drawdown": 0.2862912420419905,
        "calmar": 1.1344604118119257,
        "annualized_bin_mean": {
            "0": -0.5146508853570753,
            "1": -0.5254052328842986,
            "2": -0.4607815017709868,
            "3": -0.38723840125471304,
            "4": -0.18986480501197087,
            "4-0": 0.32478608034510426,
            "4-1": 0.33554042787232763
        },
        "max_drawdown_duration": 136,
        "avg_drawdown_duration": 10.28125
    },
    "since": {
        "mean_ann": -0.10614185828598623,
        "vol_ann": 0.2650940819373012,
        "sr_ann": -0.4003931642317477,
        "avg_drawdown": 0.03289437338345715,
        "max_drawdown": 0.14285318825353366,
        "calmar": -0.7430135762710964,
        "annualized_bin_mean": {
            "0": -2.506138712838902,
            "1": -2.8027698885796073,
            "2": -2.0182270000028817,
            "3": -2.3971912617783038,
            "4": -2.6122805711248884,
            "4-0": -0.10614185828598623,
            "4-1": 0.19048931745471964
        },
        "max_drawdown_duration": 25,
        "avg_drawdown_duration": 10.0
    }
}