{
    "n_samples": 360,
    "n_steps": 60,
    "lags": 90,
    "model": "xgb",
    "full": {
        "mean_ann": 0.4061645631106548,
        "vol_ann": 0.24596861203156492,
        "sr_ann": 1.651286152960574,
        "avg_drawdown": 0.040528727916642394,
        "max_drawdown": 0.20271926026774567,
        "calmar": 2.0035815174848435,
        "annualized_bin_mean": {
            "0": -0.40409440604936325,
            "1": -0.4002402899395294,
            "2": -0.4459822745640484,
            "3": -0.2935950284185424,
            "4": 0.0020701570612916063,
            "4-0": 0.4061645631106548,
            "4-1": 0.40231044700082097
        },
        "max_drawdown_duration": 120,
        "avg_drawdown_duration": 10.787878787878787
    },
    "since": {
        "mean_ann": 0.18980230730982034,
        "vol_ann": 0.2523184848950451,
        "sr_ann": 0.752233065242013,
        "avg_drawdown": 0.04310018527754974,
        "max_drawdown": 0.14285318825353366,
        "calmar": 1.3286529312384832,
        "annualized_bin_mean": {
            "0": -0.9352408432239683,
            "1": -0.8401093162348029,
            "2": -0.7212198995832465,
            "3": -0.660987820867181,
            "4": -0.7454385359141479,
            "4-0": 0.18980230730982034,
            "4-1": 0.09467078032065557
        },
        "max_drawdown_duration": 64,
        "avg_drawdown_duration": 19.0
    }
}