{
    "n_samples": 720,
    "n_steps": 90,
    "lags": 60,
    "model": "xgb",
    "full": {
        "mean_ann": 0.20695346218672772,
        "vol_ann": 0.24905208402159112,
        "sr_ann": 0.8309645871856517,
        "avg_drawdown": 0.08525305596350108,
        "max_drawdown": 0.28771391979067074,
        "calmar": 0.7193029184590682,
        "annualized_bin_mean": {
            "0": -0.5386037405074816,
            "1": -0.6970798939998619,
            "2": -0.718909546036251,
            "3": -0.5921092928717383,
            "4": -0.3316502783207539,
            "4-0": 0.20695346218672772,
            "4-1": 0.36542961567910803
        },
        "max_drawdown_duration": 351,
        "avg_drawdown_duration": 18.36111111111111
    },
    "since": {
        "mean_ann": 0.29893618763686697,
        "vol_ann": 0.2178570821315515,
        "sr_ann": 1.3721664896638817,
        "avg_drawdown": 0.041403378374347814,
        "max_drawdown": 0.10458631120280906,
        "calmar": 2.85827259991208,
        "annualized_bin_mean": {
            "0": -0.9163994048048876,
            "1": -1.4502250808732253,
            "2": -1.1946905284769214,
            "3": -1.2078905480926996,
            "4": -0.6174632171680202,
            "4-0": 0.29893618763686697,
            "4-1": 0.8327618637052047
        },
        "max_drawdown_duration": 59,
        "avg_drawdown_duration": 14.2
    }
}