{
    "n_samples": 360,
    "n_steps": 40,
    "lags": 60,
    "model": "xgb",
    "full": {
        "mean_ann": 0.26058839921050925,
        "vol_ann": 0.24253033003708427,
        "sr_ann": 1.0744569521290959,
        "avg_drawdown": 0.058408074831611034,
        "max_drawdown": 0.34624979164517455,
        "calmar": 0.7526023278522337,
        "annualized_bin_mean": {
            "0": -0.5336215556979701,
            "1": -0.5750400710105219,
            "2": -0.5605716030876743,
            "3": -0.40475738728192856,
            "4": -0.2730331564874608,
            "4-0": 0.26058839921050925,
            "4-1": 0.302006914523061
        },
        "max_drawdown_duration": 170,
        "avg_drawdown_duration": 15.122448979591837
    },
    "since": {
        "mean_ann": 0.16905913562431835,
        "vol_ann": 0.21658864702124395,
        "sr_ann": 0.7805540038658457,
        "avg_drawdown": 0.06156772065343254,
        "max_drawdown": 0.13461091058229568,
        "calmar": 1.2559096056404908,
        "annualized_bin_mean": {
            "0": -0.9274421043552696,
            "1": -1.510540204297031,
            "2": -1.1748044251075167,
            "3": -1.2014949256915135,
            "4": -0.7583829687309515,
            "4-0": 0.16905913562431835,
            "4-1": 0.7521572355660804
        },
        "max_drawdown_duration": 67,
        "avg_drawdown_duration": 24.333333333333332
    }
}