{
    "n_samples": 720,
    "n_steps": 80,
    "lags": 0,
    "model": "xgb",
    "full": {
        "mean_ann": 0.2853270931104549,
        "vol_ann": 0.24709338490781654,
        "sr_ann": 1.1547338396651219,
        "avg_drawdown": 0.07641690258293236,
        "max_drawdown": 0.3165523663589248,
        "calmar": 0.901358269383256,
        "annualized_bin_mean": {
            "0": -0.2522713059655923,
            "1": -0.46826951948813134,
            "2": -0.3400280303973668,
            "3": -0.268403535728553,
            "4": 0.033055787144862535,
            "4-0": 0.2853270931104549,
            "4-1": 0.5013253066329938
        },
        "max_drawdown_duration": 278,
        "avg_drawdown_duration": 16.906976744186046
    },
    "since": {
        "mean_ann": 0.36897549852056205,
        "vol_ann": 0.21865012167754758,
        "sr_ann": 1.6875156331479457,
        "avg_drawdown": 0.03036802925669159,
        "max_drawdown": 0.10079917058551394,
        "calmar": 3.660501335251942,
        "annualized_bin_mean": {
            "0": -0.9863778952415515,
            "1": -1.3266943524813237,
            "2": -1.1840484915082519,
            "3": -0.8968214071936553,
            "4": -0.6174023967209897,
            "4-0": 0.36897549852056205,
            "4-1": 0.7092919557603339
        },
        "max_drawdown_duration": 32,
        "avg_drawdown_duration": 11.428571428571429
    }
}