{
    "n_samples": 720,
    "n_steps": 60,
    "lags": 30,
    "model": "xgb",
    "full": {
        "mean_ann": 0.23081728056823153,
        "vol_ann": 0.23871126562040648,
        "sr_ann": 0.9669308231781243,
        "avg_drawdown": 0.07529635134315335,
        "max_drawdown": 0.29559460281621297,
        "calmar": 0.780857560893096,
        "annualized_bin_mean": {
            "0": -0.44153700652494016,
            "1": -0.6121014547900566,
            "2": -0.5605438374575665,
            "3": -0.42532944823117463,
            "4": -0.2107197259567088,
            "4-0": 0.23081728056823153,
            "4-1": 0.4013817288333482
        },
        "max_drawdown_duration": 291,
        "avg_drawdown_duration": 20.13888888888889
    },
    "since": {
        "mean_ann": 0.5355746389114268,
        "vol_ann": 0.2395063993394541,
        "sr_ann": 2.236160037429117,
        "avg_drawdown": 0.03423650159288341,
        "max_drawdown": 0.10455242481582475,
        "calmar": 5.122546319273542,
        "annualized_bin_mean": {
            "0": -0.8874653854395468,
            "1": -0.9814587525104443,
            "2": -0.9750323639966607,
            "3": -0.7140619297783891,
            "4": -0.3518907465281205,
            "4-0": 0.5355746389114268,
            "4-1": 0.6295680059823245
        },
        "max_drawdown_duration": 43,
        "avg_drawdown_duration": 12.857142857142858
    }
}