{
    "n_samples": 720,
    "n_steps": 90,
    "lags": 30,
    "model": "xgb",
    "full": {
        "mean_ann": 0.3248847233796504,
        "vol_ann": 0.24706659062507416,
        "sr_ann": 1.3149682543386287,
        "avg_drawdown": 0.062258129287594124,
        "max_drawdown": 0.26908453538305166,
        "calmar": 1.2073704752938148,
        "annualized_bin_mean": {
            "0": -0.5739528673918467,
            "1": -0.807873321698451,
            "2": -0.6461940202946935,
            "3": -0.6216827086997809,
            "4": -0.24906814401219635,
            "4-0": 0.3248847233796504,
            "4-1": 0.558805177686255
        },
        "max_drawdown_duration": 220,
        "avg_drawdown_duration": 15.093023255813954
    },
    "since": {
        "mean_ann": 0.1991237463692719,
        "vol_ann": 0.2233418584839256,
        "sr_ann": 0.8915648312454751,
        "avg_drawdown": 0.03908994315000733,
        "max_drawdown": 0.10458631120280906,
        "calmar": 1.9039178653422446,
        "annualized_bin_mean": {
            "0": -1.714256176747823,
            "1": -2.3184810730819283,
            "2": -2.1397807581021406,
            "3": -2.2777204744763044,
            "4": -1.515132430378551,
            "4-0": 0.1991237463692719,
            "4-1": 0.8033486427033778
        },
        "max_drawdown_duration": 36,
        "avg_drawdown_duration": 10.5
    }
}