{
    "n_samples": 720,
    "n_steps": 50,
    "lags": 0,
    "model": "xgb",
    "full": {
        "mean_ann": 0.4077062665407822,
        "vol_ann": 0.24878057911203302,
        "sr_ann": 1.6388187052060055,
        "avg_drawdown": 0.04172327879341868,
        "max_drawdown": 0.190175904806955,
        "calmar": 2.143837658901317,
        "annualized_bin_mean": {
            "0": -0.36144516196085535,
            "1": -0.47538802029604915,
            "2": -0.37108271911405427,
            "3": -0.28888898850705,
            "4": 0.04626110457992674,
            "4-0": 0.4077062665407822,
            "4-1": 0.521649124875976
        },
        "max_drawdown_duration": 122,
        "avg_drawdown_duration": 11.11111111111111
    },
    "since": {
        "mean_ann": 0.6398176756723268,
        "vol_ann": 0.21082663431713725,
        "sr_ann": 3.034804770965879,
        "avg_drawdown": 0.022751166625204593,
        "max_drawdown": 0.08735260497635308,
        "calmar": 7.324540302438944,
        "annualized_bin_mean": {
            "0": -1.0371157408804212,
            "1": -1.119030802710305,
            "2": -1.262610706446217,
            "3": -1.2717426262667069,
            "4": -0.39729806520809435,
            "4-0": 0.6398176756723268,
            "4-1": 0.7217327375022113
        },
        "max_drawdown_duration": 25,
        "avg_drawdown_duration": 7.5
    }
}