{
    "n_samples": 720,
    "n_steps": 50,
    "lags": 90,
    "model": "xgb",
    "full": {
        "mean_ann": 0.2892359448333956,
        "vol_ann": 0.23932095661876987,
        "sr_ann": 1.2085692323808424,
        "avg_drawdown": 0.06097301272457685,
        "max_drawdown": 0.21476168820262354,
        "calmar": 1.346776267471445,
        "annualized_bin_mean": {
            "0": -0.5893711981894443,
            "1": -0.7427206917983756,
            "2": -0.7133455591080272,
            "3": -0.6335755357824586,
            "4": -0.30013525335604885,
            "4-0": 0.2892359448333956,
            "4-1": 0.44258543844232684
        },
        "max_drawdown_duration": 242,
        "avg_drawdown_duration": 17.0
    },
    "since": {
        "mean_ann": 0.3991719767953456,
        "vol_ann": 0.26829731072222895,
        "sr_ann": 1.4877971595049366,
        "avg_drawdown": 0.10298077965589068,
        "max_drawdown": 0.2147616882026236,
        "calmar": 1.858674049995055,
        "annualized_bin_mean": {
            "0": -1.186909576621039,
            "1": -1.6721594492845533,
            "2": -1.1631138838238122,
            "3": -1.5753792760149141,
            "4": -0.7877375998256939,
            "4-0": 0.3991719767953456,
            "4-1": 0.8844218494588594
        },
        "max_drawdown_duration": 77,
        "avg_drawdown_duration": 27.0
    }
}