{
    "n_samples": 540,
    "n_steps": 40,
    "lags": 90,
    "model": "xgb",
    "full": {
        "mean_ann": 0.5605459077026111,
        "vol_ann": 0.25235889797019356,
        "sr_ann": 2.2212250576907255,
        "avg_drawdown": 0.03036113720317361,
        "max_drawdown": 0.1432210634196327,
        "calmar": 3.913851037819984,
        "annualized_bin_mean": {
            "0": -0.5965604984820053,
            "1": -0.45200585201497145,
            "2": -0.4964783440144756,
            "3": -0.5198947619790714,
            "4": -0.036014590779394035,
            "4-0": 0.5605459077026111,
            "4-1": 0.41599126123557717
        },
        "max_drawdown_duration": 89,
        "avg_drawdown_duration": 7.609195402298851
    },
    "since": {
        "mean_ann": 0.6334277514096562,
        "vol_ann": 0.23379010918981946,
        "sr_ann": 2.709386438993285,
        "avg_drawdown": 0.03534443836855346,
        "max_drawdown": 0.10880922566456538,
        "calmar": 5.821452616181397,
        "annualized_bin_mean": {
            "0": -1.3345846176489236,
            "1": -1.43853181505867,
            "2": -1.9690485681143144,
            "3": -1.0536417674149763,
            "4": -0.7011568662392669,
            "4-0": 0.6334277514096562,
            "4-1": 0.7373749488194034
        },
        "max_drawdown_duration": 38,
        "avg_drawdown_duration": 7.444444444444445
    }
}