{
    "n_samples": 360,
    "n_steps": 70,
    "lags": 90,
    "model": "xgb",
    "full": {
        "mean_ann": 0.4672986561240782,
        "vol_ann": 0.24969565736082266,
        "sr_ann": 1.8714729005030648,
        "avg_drawdown": 0.04538478095793574,
        "max_drawdown": 0.19630619945645822,
        "calmar": 2.380457965249985,
        "annualized_bin_mean": {
            "0": -0.4582297645991612,
            "1": -0.4323931790219199,
            "2": -0.4229700110678966,
            "3": -0.3117531109842204,
            "4": 0.009068891524916932,
            "4-0": 0.4672986561240782,
            "4-1": 0.44146207054683695
        },
        "max_drawdown_duration": 114,
        "avg_drawdown_duration": 12.563636363636364
    },
    "since": {
        "mean_ann": 0.7752676878582332,
        "vol_ann": 0.21888903601781792,
        "sr_ann": 3.541829695824167,
        "avg_drawdown": 0.01659347369038732,
        "max_drawdown": 0.07106964448833852,
        "calmar": 10.908562909519594,
        "annualized_bin_mean": {
            "0": -1.2222940977359353,
            "1": -1.1063452160284586,
            "2": -1.1117091682774254,
            "3": -1.3565422842708763,
            "4": -0.4470264098777017,
            "4-0": 0.7752676878582332,
            "4-1": 0.6593188061507567
        },
        "max_drawdown_duration": 36,
        "avg_drawdown_duration": 6.1
    }
}