{
    "n_samples": 720,
    "n_steps": 80,
    "lags": 60,
    "model": "xgb",
    "full": {
        "mean_ann": 0.2250983412255086,
        "vol_ann": 0.22795999311485748,
        "sr_ann": 0.9874466925084217,
        "avg_drawdown": 0.05495903522647824,
        "max_drawdown": 0.21513409734577627,
        "calmar": 1.0463164324143244,
        "annualized_bin_mean": {
            "0": -0.7410022239335096,
            "1": -0.8247313843002112,
            "2": -0.9295522229710697,
            "3": -0.7265457847765013,
            "4": -0.5159038827080011,
            "4-0": 0.2250983412255086,
            "4-1": 0.30882750159220984
        },
        "max_drawdown_duration": 256,
        "avg_drawdown_duration": 17.394736842105264
    },
    "since": {
        "mean_ann": 0.2302467543182811,
        "vol_ann": 0.1966081672094176,
        "sr_ann": 1.1710945561739217,
        "avg_drawdown": 0.056260655212915456,
        "max_drawdown": 0.12355285023268153,
        "calmar": 1.86354870716999,
        "annualized_bin_mean": {
            "0": -1.0081626558253796,
            "1": -1.3437860386262457,
            "2": -1.2491204731839995,
            "3": -0.9985551898245687,
            "4": -0.7779159015070979,
            "4-0": 0.2302467543182811,
            "4-1": 0.5658701371191469
        },
        "max_drawdown_duration": 67,
        "avg_drawdown_duration": 35.0
    }
}