{
    "n_samples": 360,
    "n_steps": 70,
    "lags": 30,
    "model": "xgb",
    "full": {
        "mean_ann": 0.3052847768021262,
        "vol_ann": 0.2478929684519981,
        "sr_ann": 1.231518500538838,
        "avg_drawdown": 0.10682986217081857,
        "max_drawdown": 0.4430471500089363,
        "calmar": 0.6890570829672836,
        "annualized_bin_mean": {
            "0": -0.42904974632356613,
            "1": -0.4999711102544116,
            "2": -0.3645578592996008,
            "3": -0.34727768188880526,
            "4": -0.12376496952143999,
            "4-0": 0.3052847768021262,
            "4-1": 0.37620614073297154
        },
        "max_drawdown_duration": 406,
        "avg_drawdown_duration": 18.073170731707318
    },
    "since": {
        "mean_ann": 0.5188104167566892,
        "vol_ann": 0.19291728044118767,
        "sr_ann": 2.689289500506164,
        "avg_drawdown": 0.016522265989940093,
        "max_drawdown": 0.07859543114400083,
        "calmar": 6.601025138549543,
        "annualized_bin_mean": {
            "0": -1.5602825748977616,
            "1": -1.7021082596810437,
            "2": -1.1063087754991665,
            "3": -1.1440713736194505,
            "4": -1.0414721581410726,
            "4-0": 0.5188104167566892,
            "4-1": 0.6606361015399713
        },
        "max_drawdown_duration": 28,
        "avg_drawdown_duration": 5.153846153846154
    }
}