{
    "n_samples": 720,
    "n_steps": 40,
    "lags": 60,
    "model": "xgb",
    "full": {
        "mean_ann": 0.2651551125768899,
        "vol_ann": 0.2404138833074768,
        "sr_ann": 1.1029109838792894,
        "avg_drawdown": 0.052958870574300564,
        "max_drawdown": 0.19464796295798203,
        "calmar": 1.3622290649613835,
        "annualized_bin_mean": {
            "0": -0.752949415363507,
            "1": -0.8671453992859973,
            "2": -0.8862719992681899,
            "3": -0.8741693270146327,
            "4": -0.48779430278661695,
            "4-0": 0.2651551125768899,
            "4-1": 0.3793510964993802
        },
        "max_drawdown_duration": 93,
        "avg_drawdown_duration": 14.977272727272727
    },
    "since": {
        "mean_ann": 0.23193602518181133,
        "vol_ann": 0.2031397834322266,
        "sr_ann": 1.1417557962455542,
        "avg_drawdown": 0.06067600417627183,
        "max_drawdown": 0.12424953374624395,
        "calmar": 1.8666953363019982,
        "annualized_bin_mean": {
            "0": -1.038104283830267,
            "1": -1.1463751338299335,
            "2": -1.4146760927178743,
            "3": -1.1576878923283302,
            "4": -0.8061682586484555,
            "4-0": 0.23193602518181133,
            "4-1": 0.3402068751814778
        },
        "max_drawdown_duration": 68,
        "avg_drawdown_duration": 35.5
    }
}