{
    "n_samples": 540,
    "n_steps": 80,
    "lags": 90,
    "model": "xgb",
    "full": {
        "mean_ann": 0.3653784467572722,
        "vol_ann": 0.23390144309299987,
        "sr_ann": 1.5621042860004788,
        "avg_drawdown": 0.05116265658110996,
        "max_drawdown": 0.21242761082106254,
        "calmar": 1.7200139160113566,
        "annualized_bin_mean": {
            "0": -0.5281648157905904,
            "1": -0.6216595854755929,
            "2": -0.5792731461271455,
            "3": -0.4316073993045605,
            "4": -0.16278636903331822,
            "4-0": 0.3653784467572722,
            "4-1": 0.45887321644227463
        },
        "max_drawdown_duration": 199,
        "avg_drawdown_duration": 13.673076923076923
    },
    "since": {
        "mean_ann": 0.8145290548787348,
        "vol_ann": 0.20654920099531823,
        "sr_ann": 3.9435110421811674,
        "avg_drawdown": 0.03990889805599161,
        "max_drawdown": 0.10880922566456537,
        "calmar": 7.485845523703539,
        "annualized_bin_mean": {
            "0": -1.320198063273081,
            "1": -1.3896658425510853,
            "2": -1.6077155303460005,
            "3": -1.256945265875792,
            "4": -0.5056690083943467,
            "4-0": 0.8145290548787348,
            "4-1": 0.8839968341567386
        },
        "max_drawdown_duration": 60,
        "avg_drawdown_duration": 11.5
    }
}