{
    "n_samples": 360,
    "n_steps": 20,
    "lags": 90,
    "model": "xgb",
    "full": {
        "mean_ann": 0.30818189947312674,
        "vol_ann": 0.24691215820821708,
        "sr_ann": 1.2481438812471999,
        "avg_drawdown": 0.07480553382772583,
        "max_drawdown": 0.34021062865620605,
        "calmar": 0.9058561770701016,
        "annualized_bin_mean": {
            "0": -0.3508519061121416,
            "1": -0.41289060836674923,
            "2": -0.2586215442787406,
            "3": -0.18851286723601576,
            "4": -0.0426700066390148,
            "4-0": 0.30818189947312674,
            "4-1": 0.37022060172773447
        },
        "max_drawdown_duration": 175,
        "avg_drawdown_duration": 13.981818181818182
    },
    "since": {
        "mean_ann": 0.19691646788558523,
        "vol_ann": 0.23861870654950265,
        "sr_ann": 0.8252348306344286,
        "avg_drawdown": 0.03235940024393628,
        "max_drawdown": 0.18026373404578389,
        "calmar": 1.0923798340689639,
        "annualized_bin_mean": {
            "0": -0.8577163731688902,
            "1": -0.9935845422486417,
            "2": -1.0659047510058939,
            "3": -0.6744555145555626,
            "4": -0.660799905283305,
            "4-0": 0.19691646788558523,
            "4-1": 0.3327846369653364
        },
        "max_drawdown_duration": 24,
        "avg_drawdown_duration": 6.214285714285714
    }
}