{
    "n_samples": 720,
    "n_steps": 5,
    "lags": 90,
    "model": "xgb",
    "full": {
        "mean_ann": 0.3316802613240795,
        "vol_ann": 0.23884356558820144,
        "sr_ann": 1.3886924711881963,
        "avg_drawdown": 0.039907529409616886,
        "max_drawdown": 0.1652154760697666,
        "calmar": 2.0075616958790152,
        "annualized_bin_mean": {
            "0": -0.5121818475641938,
            "1": -0.5586714339803724,
            "2": -0.626493533006385,
            "3": -0.6199121105639578,
            "4": -0.1805015862401145,
            "4-0": 0.3316802613240795,
            "4-1": 0.37816984774025797
        },
        "max_drawdown_duration": 82,
        "avg_drawdown_duration": 15.44
    },
    "since": {
        "mean_ann": 0.49551745908821004,
        "vol_ann": 0.2424634745879915,
        "sr_ann": 2.043678784733342,
        "avg_drawdown": 0.04679992669658817,
        "max_drawdown": 0.13065047748096692,
        "calmar": 3.792695355134823,
        "annualized_bin_mean": {
            "0": -0.701280193798222,
            "1": -0.588222272460156,
            "2": -0.8883503859546029,
            "3": -0.5032064088477787,
            "4": -0.20576273471001214,
            "4-0": 0.49551745908821004,
            "4-1": 0.3824595377501443
        },
        "max_drawdown_duration": 80,
        "avg_drawdown_duration": 23.2
    }
}