{
    "n_samples": 720,
    "n_steps": 40,
    "lags": 30,
    "model": "xgb",
    "full": {
        "mean_ann": 0.23951748091462716,
        "vol_ann": 0.2401386228632867,
        "sr_ann": 0.997413402553686,
        "avg_drawdown": 0.08690205084483668,
        "max_drawdown": 0.37861667422894096,
        "calmar": 0.6326120776439876,
        "annualized_bin_mean": {
            "0": -0.5510658243060931,
            "1": -0.7303015700612612,
            "2": -0.693224676147438,
            "3": -0.6008707529400424,
            "4": -0.3115483433914659,
            "4-0": 0.23951748091462716,
            "4-1": 0.4187532266697951
        },
        "max_drawdown_duration": 221,
        "avg_drawdown_duration": 18.710526315789473
    },
    "since": {
        "mean_ann": 0.7806522043908348,
        "vol_ann": 0.214572121701601,
        "sr_ann": 3.6381809444773276,
        "avg_drawdown": 0.038393788352193016,
        "max_drawdown": 0.14085584331726378,
        "calmar": 5.542206741345429,
        "annualized_bin_mean": {
            "0": -1.4383147713795148,
            "1": -1.4853281250462962,
            "2": -1.4044780136724992,
            "3": -1.5250146803510065,
            "4": -0.6576625669886801,
            "4-0": 0.7806522043908348,
            "4-1": 0.8276655580576168
        },
        "max_drawdown_duration": 44,
        "avg_drawdown_duration": 9.714285714285714
    }
}