{
    "n_samples": 360,
    "n_steps": 70,
    "lags": 60,
    "model": "xgb",
    "full": {
        "mean_ann": 0.5309542640782718,
        "vol_ann": 0.2519316603858531,
        "sr_ann": 2.1075329050150895,
        "avg_drawdown": 0.0423316883045725,
        "max_drawdown": 0.23151548348982032,
        "calmar": 2.2933855484513104,
        "annualized_bin_mean": {
            "0": -0.5497904370229625,
            "1": -0.507938143008601,
            "2": -0.4989342355696645,
            "3": -0.4211778194151702,
            "4": -0.018836172944690595,
            "4-0": 0.5309542640782718,
            "4-1": 0.4891019700639103
        },
        "max_drawdown_duration": 109,
        "avg_drawdown_duration": 11.446428571428571
    },
    "since": {
        "mean_ann": 0.467148136457383,
        "vol_ann": 0.2062932597867026,
        "sr_ann": 2.2644856983712986,
        "avg_drawdown": 0.017810807902008143,
        "max_drawdown": 0.07106964448833854,
        "calmar": 6.573103605914829,
        "annualized_bin_mean": {
            "0": -2.071638625438952,
            "1": -1.9771481788310175,
            "2": -2.2635558002466385,
            "3": -2.028549784062826,
            "4": -1.6044904889815683,
            "4-0": 0.467148136457383,
            "4-1": 0.3726576898494486
        },
        "max_drawdown_duration": 23,
        "avg_drawdown_duration": 7.4
    }
}