{
    "n_samples": 540,
    "n_steps": 30,
    "lags": 90,
    "model": "xgb",
    "full": {
        "mean_ann": 0.47636269120392905,
        "vol_ann": 0.2437711100262981,
        "sr_ann": 1.954139238043995,
        "avg_drawdown": 0.02970750430299822,
        "max_drawdown": 0.1443373529974754,
        "calmar": 3.300342436044681,
        "annualized_bin_mean": {
            "0": -0.5321435116491752,
            "1": -0.4600258404216817,
            "2": -0.4408180629671125,
            "3": -0.4422842365518167,
            "4": -0.05578082044524614,
            "4-0": 0.47636269120392905,
            "4-1": 0.40424501997643547
        },
        "max_drawdown_duration": 83,
        "avg_drawdown_duration": 8.7375
    },
    "since": {
        "mean_ann": 0.40063621562674556,
        "vol_ann": 0.26271023951141903,
        "sr_ann": 1.525011801488352,
        "avg_drawdown": 0.0555317814227017,
        "max_drawdown": 0.13885142245010426,
        "calmar": 2.885359102249836,
        "annualized_bin_mean": {
            "0": -0.8344514906246102,
            "1": -0.893870035640343,
            "2": -1.2085520488451271,
            "3": -0.7036249688499204,
            "4": -0.4338152749978644,
            "4-0": 0.40063621562674556,
            "4-1": 0.46005476064247836
        },
        "max_drawdown_duration": 66,
        "avg_drawdown_duration": 16.0
    }
}