{
    "n_samples": 360,
    "n_steps": 10,
    "lags": 90,
    "model": "xgb",
    "full": {
        "mean_ann": 0.41025471456210694,
        "vol_ann": 0.2482931581388514,
        "sr_ann": 1.652299715534984,
        "avg_drawdown": 0.06078797908279552,
        "max_drawdown": 0.3046468377581405,
        "calmar": 1.3466567307283481,
        "annualized_bin_mean": {
            "0": -0.40629803512278195,
            "1": -0.315388137737349,
            "2": -0.3889211573817063,
            "3": -0.24736282751946712,
            "4": 0.003956679439325006,
            "4-0": 0.41025471456210694,
            "4-1": 0.3193448171766739
        },
        "max_drawdown_duration": 138,
        "avg_drawdown_duration": 13.578947368421053
    },
    "since": {
        "mean_ann": 0.4403256647201559,
        "vol_ann": 0.2325181563958617,
        "sr_ann": 1.893725941859363,
        "avg_drawdown": 0.027111139402112534,
        "max_drawdown": 0.1377618738055373,
        "calmar": 3.1962810359396916,
        "annualized_bin_mean": {
            "0": -0.9515163196544195,
            "1": -1.0427745303417104,
            "2": -0.7933431920340095,
            "3": -0.9125433468829595,
            "4": -0.5111906549342639,
            "4-0": 0.4403256647201559,
            "4-1": 0.5315838754074461
        },
        "max_drawdown_duration": 25,
        "avg_drawdown_duration": 9.3
    }
}