{
    "n_samples": 720,
    "n_steps": 20,
    "lags": 0,
    "model": "xgb",
    "full": {
        "mean_ann": 0.37899083279113743,
        "vol_ann": 0.254806967697385,
        "sr_ann": 1.4873644791426437,
        "avg_drawdown": 0.06061202321108248,
        "max_drawdown": 0.21728406987870075,
        "calmar": 1.744218216285758,
        "annualized_bin_mean": {
            "0": -0.3537063209162922,
            "1": -0.6392927516168108,
            "2": -0.5006202590281412,
            "3": -0.419517504293145,
            "4": 0.025284511874845372,
            "4-0": 0.37899083279113743,
            "4-1": 0.6645772634916558
        },
        "max_drawdown_duration": 256,
        "avg_drawdown_duration": 16.466666666666665
    },
    "since": {
        "mean_ann": 0.6834666049470791,
        "vol_ann": 0.23616851818690612,
        "sr_ann": 2.8939784616261885,
        "avg_drawdown": 0.0211217108754363,
        "max_drawdown": 0.07674610073568344,
        "calmar": 8.905554789043482,
        "annualized_bin_mean": {
            "0": -1.0560577927657335,
            "1": -1.1122562170674835,
            "2": -1.097234842566363,
            "3": -1.2421330219760163,
            "4": -0.37259118781865436,
            "4-0": 0.6834666049470791,
            "4-1": 0.7396650292488296
        },
        "max_drawdown_duration": 26,
        "avg_drawdown_duration": 10.375
    }
}