{
    "n_samples": 720,
    "n_steps": 70,
    "lags": 90,
    "model": "xgb",
    "full": {
        "mean_ann": 0.1797951202187232,
        "vol_ann": 0.22891475121096083,
        "sr_ann": 0.7854239155301509,
        "avg_drawdown": 0.06405699571049693,
        "max_drawdown": 0.20449065675238504,
        "calmar": 0.8792339125617592,
        "annualized_bin_mean": {
            "0": -0.5020321112798869,
            "1": -0.6367167374032576,
            "2": -0.6285903280274062,
            "3": -0.5484282989069231,
            "4": -0.32223699106116366,
            "4-0": 0.1797951202187232,
            "4-1": 0.3144797463420939
        },
        "max_drawdown_duration": 278,
        "avg_drawdown_duration": 22.551724137931036
    },
    "since": {
        "mean_ann": 0.45845526310590073,
        "vol_ann": 0.23455129129368527,
        "sr_ann": 1.9546055814796683,
        "avg_drawdown": 0.054375174936363825,
        "max_drawdown": 0.12766826879546125,
        "calmar": 3.590988328042554,
        "annualized_bin_mean": {
            "0": -1.1543908385808686,
            "1": -1.6696481739058493,
            "2": -1.541430914355348,
            "3": -1.5056868675474373,
            "4": -0.6959355754749676,
            "4-0": 0.45845526310590073,
            "4-1": 0.9737125984308815
        },
        "max_drawdown_duration": 73,
        "avg_drawdown_duration": 26.333333333333332
    }
}