{
    "n_samples": 720,
    "n_steps": 40,
    "lags": 0,
    "model": "xgb",
    "full": {
        "mean_ann": 0.3499666742069911,
        "vol_ann": 0.24327127316597252,
        "sr_ann": 1.4385861086369427,
        "avg_drawdown": 0.060000074331774046,
        "max_drawdown": 0.19868444807503494,
        "calmar": 1.7614195655355125,
        "annualized_bin_mean": {
            "0": -0.29039673072502625,
            "1": -0.36128243125899395,
            "2": -0.481164619967375,
            "3": -0.231160935136698,
            "4": 0.059569943481964746,
            "4-0": 0.3499666742069911,
            "4-1": 0.42085237474095877
        },
        "max_drawdown_duration": 269,
        "avg_drawdown_duration": 19.783783783783782
    },
    "since": {
        "mean_ann": 0.7523757599918812,
        "vol_ann": 0.22545463274092933,
        "sr_ann": 3.3371492563492304,
        "avg_drawdown": 0.026466784080322735,
        "max_drawdown": 0.0847339501256302,
        "calmar": 8.879271636414643,
        "annualized_bin_mean": {
            "0": -1.2991339414493563,
            "1": -0.8181941310333334,
            "2": -1.1783933725153808,
            "3": -1.0377176968250315,
            "4": -0.5467581814574752,
            "4-0": 0.7523757599918812,
            "4-1": 0.2714359495758581
        },
        "max_drawdown_duration": 49,
        "avg_drawdown_duration": 12.833333333333334
    }
}