{
    "n_samples": 540,
    "n_steps": 40,
    "lags": 30,
    "model": "xgb",
    "full": {
        "mean_ann": 0.5726080974925621,
        "vol_ann": 0.2625424826203782,
        "sr_ann": 2.1810112092240765,
        "avg_drawdown": 0.030402594235883318,
        "max_drawdown": 0.16764073182250883,
        "calmar": 3.415685980772359,
        "annualized_bin_mean": {
            "0": -0.38393929574378155,
            "1": -0.2808199229545694,
            "2": -0.3719445275468928,
            "3": -0.3518516706766599,
            "4": 0.18866880174878065,
            "4-0": 0.5726080974925621,
            "4-1": 0.46948872470335
        },
        "max_drawdown_duration": 82,
        "avg_drawdown_duration": 8.373493975903614
    },
    "since": {
        "mean_ann": 0.5009708656607428,
        "vol_ann": 0.27424559520978053,
        "sr_ann": 1.826723471264987,
        "avg_drawdown": 0.03385226509555424,
        "max_drawdown": 0.1242795991011926,
        "calmar": 4.030998404274185,
        "annualized_bin_mean": {
            "0": -0.9945822880061701,
            "1": -0.714617582543448,
            "2": -1.0135528174629094,
            "3": -1.1184302087606501,
            "4": -0.49361142234542754,
            "4-0": 0.5009708656607428,
            "4-1": 0.22100616019802052
        },
        "max_drawdown_duration": 50,
        "avg_drawdown_duration": 13.0
    }
}