{
    "n_samples": 720,
    "n_steps": 60,
    "lags": 90,
    "model": "xgb",
    "full": {
        "mean_ann": 0.18146771646803522,
        "vol_ann": 0.2562942350644102,
        "sr_ann": 0.7080444724885441,
        "avg_drawdown": 0.07557223479594108,
        "max_drawdown": 0.2486565006732674,
        "calmar": 0.7297927702541037,
        "annualized_bin_mean": {
            "0": -0.40858631367140374,
            "1": -0.6378953288465297,
            "2": -0.5939614607477205,
            "3": -0.45538195201518467,
            "4": -0.2271185972033685,
            "4-0": 0.18146771646803522,
            "4-1": 0.4107767316431609
        },
        "max_drawdown_duration": 268,
        "avg_drawdown_duration": 19.228571428571428
    },
    "since": {
        "mean_ann": -0.11298236721018658,
        "vol_ann": 0.2679152623557749,
        "sr_ann": -0.4217093353201841,
        "avg_drawdown": 0.15221525025380991,
        "max_drawdown": 0.2486565006732675,
        "calmar": -0.45437125876167794,
        "annualized_bin_mean": {
            "0": -0.39833523682189237,
            "1": -1.2850344147294495,
            "2": -0.9579952540236363,
            "3": -0.7529915199089962,
            "4": -0.5113176040320787,
            "4-0": -0.11298236721018658,
            "4-1": 0.7737168106973711
        },
        "max_drawdown_duration": 97,
        "avg_drawdown_duration": 33.666666666666664
    }
}