{
    "n_samples": 540,
    "n_steps": 5,
    "lags": 60,
    "model": "xgb",
    "full": {
        "mean_ann": 0.4912472935968713,
        "vol_ann": 0.24500776831227658,
        "sr_ann": 2.0050274200724454,
        "avg_drawdown": 0.035476565997767,
        "max_drawdown": 0.1633705831179877,
        "calmar": 3.00695072650924,
        "annualized_bin_mean": {
            "0": -0.42776628130738925,
            "1": -0.39248990841349823,
            "2": -0.3963400312326435,
            "3": -0.36764441356708993,
            "4": 0.06348101228948222,
            "4-0": 0.4912472935968713,
            "4-1": 0.45597092070298034
        },
        "max_drawdown_duration": 121,
        "avg_drawdown_duration": 11.445945945945946
    },
    "since": {
        "mean_ann": 0.17961432434219093,
        "vol_ann": 0.24869410425996297,
        "sr_ann": 0.7222299252998692,
        "avg_drawdown": 0.051647394412189525,
        "max_drawdown": 0.13846786304161543,
        "calmar": 1.297155313852206,
        "annualized_bin_mean": {
            "0": -0.4278661788131858,
            "1": -0.800026737100499,
            "2": -0.694367436013327,
            "3": -0.7230549067809086,
            "4": -0.24825185447099482,
            "4-0": 0.17961432434219093,
            "4-1": 0.5517748826295041
        },
        "max_drawdown_duration": 59,
        "avg_drawdown_duration": 15.0
    }
}