{
    "n_samples": 720,
    "n_steps": 50,
    "lags": 30,
    "model": "xgb",
    "full": {
        "mean_ann": 0.2872742351703103,
        "vol_ann": 0.23079183705096473,
        "sr_ann": 1.244733084328597,
        "avg_drawdown": 0.04487533510579611,
        "max_drawdown": 0.19794589322973832,
        "calmar": 1.4512765608978635,
        "annualized_bin_mean": {
            "0": -0.6380653320448724,
            "1": -0.7002062422175064,
            "2": -0.6689334678606207,
            "3": -0.5296412145510085,
            "4": -0.35079109687456195,
            "4-0": 0.2872742351703103,
            "4-1": 0.34941514534294427
        },
        "max_drawdown_duration": 97,
        "avg_drawdown_duration": 14.166666666666666
    },
    "since": {
        "mean_ann": 0.4419820158227331,
        "vol_ann": 0.19399736161892323,
        "sr_ann": 2.278288798024666,
        "avg_drawdown": 0.04108153059225515,
        "max_drawdown": 0.11543632013858682,
        "calmar": 3.8287950905929136,
        "annualized_bin_mean": {
            "0": -1.4183980637328453,
            "1": -1.8667806352162482,
            "2": -1.5732217497550987,
            "3": -0.9675964702159124,
            "4": -0.9764160479101125,
            "4-0": 0.4419820158227331,
            "4-1": 0.8903645873061355
        },
        "max_drawdown_duration": 55,
        "avg_drawdown_duration": 17.0
    }
}