{
    "n_samples": 720,
    "n_steps": 10,
    "lags": 30,
    "model": "xgb",
    "full": {
        "mean_ann": 0.39949439972920786,
        "vol_ann": 0.23838088058157683,
        "sr_ann": 1.6758659450982942,
        "avg_drawdown": 0.040328118661059384,
        "max_drawdown": 0.18769752923587335,
        "calmar": 2.1283945577524164,
        "annualized_bin_mean": {
            "0": -0.5376393912818508,
            "1": -0.4772323996721952,
            "2": -0.5815224412679307,
            "3": -0.5181316156263777,
            "4": -0.13814499155264287,
            "4-0": 0.39949439972920786,
            "4-1": 0.3390874081195523
        },
        "max_drawdown_duration": 85,
        "avg_drawdown_duration": 11.983870967741936
    },
    "since": {
        "mean_ann": 0.8899035497827907,
        "vol_ann": 0.2511727952572881,
        "sr_ann": 3.542993375820103,
        "avg_drawdown": 0.02225377008506863,
        "max_drawdown": 0.08940662317978301,
        "calmar": 9.953441010665744,
        "annualized_bin_mean": {
            "0": -1.002165425715152,
            "1": -0.9591549707040226,
            "2": -1.0532763113114918,
            "3": -1.0946260896994235,
            "4": -0.11226187593236113,
            "4-0": 0.8899035497827907,
            "4-1": 0.8468930947716613
        },
        "max_drawdown_duration": 34,
        "avg_drawdown_duration": 7.7272727272727275
    }
}