{
    "n_samples": 360,
    "n_steps": 20,
    "lags": 0,
    "model": "xgb",
    "full": {
        "mean_ann": 0.32894188681917463,
        "vol_ann": 0.2554670115148882,
        "sr_ann": 1.2876100317946704,
        "avg_drawdown": 0.08713328209648365,
        "max_drawdown": 0.30085972690075546,
        "calmar": 1.0933397108602796,
        "annualized_bin_mean": {
            "0": -0.363051726763292,
            "1": -0.7024259556213827,
            "2": -0.47817333174010623,
            "3": -0.396094869651284,
            "4": -0.03410983994411743,
            "4-0": 0.32894188681917463,
            "4-1": 0.6683161156772651
        },
        "max_drawdown_duration": 304,
        "avg_drawdown_duration": 16.47826086956522
    },
    "since": {
        "mean_ann": -0.11957150620758214,
        "vol_ann": 0.24357126438834134,
        "sr_ann": -0.4909097405551978,
        "avg_drawdown": 0.05066907773159695,
        "max_drawdown": 0.13421078215152052,
        "calmar": -0.8909232499113893,
        "annualized_bin_mean": {
            "0": -0.5066809963659709,
            "1": -1.128394256895543,
            "2": -1.288796392676026,
            "3": -1.3047718483404394,
            "4": -0.626252502573553,
            "4-0": -0.11957150620758214,
            "4-1": 0.5021417543219898
        },
        "max_drawdown_duration": 78,
        "avg_drawdown_duration": 31.0
    }
}