{
    "n_samples": 360,
    "n_steps": 50,
    "lags": 30,
    "model": "xgb",
    "full": {
        "mean_ann": 0.35155479152587754,
        "vol_ann": 0.2343584522221053,
        "sr_ann": 1.5000730214445321,
        "avg_drawdown": 0.08399778110384801,
        "max_drawdown": 0.3405148577156695,
        "calmar": 1.0324212983958145,
        "annualized_bin_mean": {
            "0": -0.4637849327992723,
            "1": -0.5184629711858652,
            "2": -0.5279905201419727,
            "3": -0.31865041548763046,
            "4": -0.11223014127339481,
            "4-0": 0.35155479152587754,
            "4-1": 0.40623282991247045
        },
        "max_drawdown_duration": 228,
        "avg_drawdown_duration": 15.866666666666667
    },
    "since": {
        "mean_ann": 0.39333032954361363,
        "vol_ann": 0.19775704606025105,
        "sr_ann": 1.9889573462974204,
        "avg_drawdown": 0.026999364894359223,
        "max_drawdown": 0.07859543114400083,
        "calmar": 5.004493566845666,
        "annualized_bin_mean": {
            "0": -1.6280151534803695,
            "1": -2.1630921867517703,
            "2": -1.1999693750035039,
            "3": -1.520470155256545,
            "4": -1.234684823936756,
            "4-0": 0.39333032954361363,
            "4-1": 0.9284073628150143
        },
        "max_drawdown_duration": 28,
        "avg_drawdown_duration": 9.666666666666666
    }
}