{
    "n_samples": 360,
    "n_steps": 80,
    "lags": 0,
    "model": "xgb",
    "full": {
        "mean_ann": 0.244463204639034,
        "vol_ann": 0.2576391478471506,
        "sr_ann": 0.9488589241261834,
        "avg_drawdown": 0.06323136332431968,
        "max_drawdown": 0.2910177153317775,
        "calmar": 0.8400286022461946,
        "annualized_bin_mean": {
            "0": -0.43407551752159695,
            "1": -0.5458626977244487,
            "2": -0.43595727766852416,
            "3": -0.40260207139857873,
            "4": -0.18961231288256272,
            "4-0": 0.244463204639034,
            "4-1": 0.3562503848418859
        },
        "max_drawdown_duration": 132,
        "avg_drawdown_duration": 19.916666666666668
    },
    "since": {
        "mean_ann": -0.1559742998571838,
        "vol_ann": 0.22360554504902397,
        "sr_ann": -0.6975421822521777,
        "avg_drawdown": 0.053796374757895615,
        "max_drawdown": 0.12059564726445166,
        "calmar": -1.2933659165587548,
        "annualized_bin_mean": {
            "0": -1.6205071119078602,
            "1": -1.8282880427142374,
            "2": -1.4122937519573517,
            "3": -1.6855689148756046,
            "4": -1.776481411765044,
            "4-0": -0.1559742998571838,
            "4-1": 0.05180663094919299
        },
        "max_drawdown_duration": 30,
        "avg_drawdown_duration": 12.75
    }
}