{
    "n_samples": 360,
    "n_steps": 90,
    "lags": 60,
    "model": "xgb",
    "full": {
        "mean_ann": 0.44418518735342555,
        "vol_ann": 0.2430690148153374,
        "sr_ann": 1.8274035779133702,
        "avg_drawdown": 0.046834962415726926,
        "max_drawdown": 0.2172300427361702,
        "calmar": 2.044768678211312,
        "annualized_bin_mean": {
            "0": -0.4098940585053135,
            "1": -0.3216026095556458,
            "2": -0.5550589381157327,
            "3": -0.3797613996311445,
            "4": 0.03429112884811215,
            "4-0": 0.44418518735342555,
            "4-1": 0.3558937384037579
        },
        "max_drawdown_duration": 184,
        "avg_drawdown_duration": 10.625
    },
    "since": {
        "mean_ann": 1.1487227160848898,
        "vol_ann": 0.221449490285173,
        "sr_ann": 5.187289953142881,
        "avg_drawdown": 0.007231819645716174,
        "max_drawdown": 0.04868649532539979,
        "calmar": 23.5942782163168,
        "annualized_bin_mean": {
            "0": -1.3791671483086403,
            "1": -1.2832095231940763,
            "2": -1.230988361651653,
            "3": -1.2780222697078565,
            "4": -0.23044443222375083,
            "4-0": 1.1487227160848898,
            "4-1": 1.0527650909703261
        },
        "max_drawdown_duration": 11,
        "avg_drawdown_duration": 2.933333333333333
    }
}