{
    "n_samples": 720,
    "n_steps": 90,
    "lags": 0,
    "model": "xgb",
    "full": {
        "mean_ann": 0.4300416678206663,
        "vol_ann": 0.2533334072673884,
        "sr_ann": 1.697532403875837,
        "avg_drawdown": 0.055521583034855396,
        "max_drawdown": 0.20689265112231814,
        "calmar": 2.078573914964331,
        "annualized_bin_mean": {
            "0": -0.4877870032777693,
            "1": -0.6028434114145569,
            "2": -0.3881023890413605,
            "3": -0.34281478824847683,
            "4": -0.057745335457103086,
            "4-0": 0.4300416678206663,
            "4-1": 0.5450980759574541
        },
        "max_drawdown_duration": 199,
        "avg_drawdown_duration": 12.642857142857142
    },
    "since": {
        "mean_ann": 0.4026631070003495,
        "vol_ann": 0.23975993252920924,
        "sr_ann": 1.679442860834532,
        "avg_drawdown": 0.035294425465311315,
        "max_drawdown": 0.10455242481582483,
        "calmar": 3.8513033792345226,
        "annualized_bin_mean": {
            "0": -0.8191492271633435,
            "1": -0.9971277033914191,
            "2": -0.965326727631205,
            "3": -0.6456255095393965,
            "4": -0.4164861201629942,
            "4-0": 0.4026631070003495,
            "4-1": 0.5806415832284254
        },
        "max_drawdown_duration": 32,
        "avg_drawdown_duration": 10.222222222222221
    }
}