{
    "n_samples": 360,
    "n_steps": 5,
    "lags": 0,
    "model": "xgb",
    "full": {
        "mean_ann": 0.39879095875893084,
        "vol_ann": 0.26074694828567463,
        "sr_ann": 1.5294175497770928,
        "avg_drawdown": 0.061153691454761364,
        "max_drawdown": 0.24305551508520873,
        "calmar": 1.6407402178021981,
        "annualized_bin_mean": {
            "0": -0.34811299159154896,
            "1": -0.49200026515571144,
            "2": -0.39566896459083334,
            "3": -0.33465253878384515,
            "4": 0.05067796716738181,
            "4-0": 0.39879095875893084,
            "4-1": 0.5426782323230933
        },
        "max_drawdown_duration": 261,
        "avg_drawdown_duration": 12.93939393939394
    },
    "since": {
        "mean_ann": -0.17746284220053693,
        "vol_ann": 0.23771067942841112,
        "sr_ann": -0.7465497243424505,
        "avg_drawdown": 0.06736561435858943,
        "max_drawdown": 0.2430555150852089,
        "calmar": -0.7301329580541429,
        "annualized_bin_mean": {
            "0": -0.06696756824469212,
            "1": -0.8590364304976563,
            "2": -0.8124331343863552,
            "3": -0.9038326588816858,
            "4": -0.2444304104452288,
            "4-0": -0.17746284220053693,
            "4-1": 0.6146060200524273
        },
        "max_drawdown_duration": 38,
        "avg_drawdown_duration": 20.166666666666668
    }
}