{
    "n_samples": 540,
    "n_steps": 30,
    "lags": 60,
    "model": "xgb",
    "full": {
        "mean_ann": 0.39039724972124323,
        "vol_ann": 0.24368590383404387,
        "sr_ann": 1.6020510155856755,
        "avg_drawdown": 0.04366533906729853,
        "max_drawdown": 0.19372666278690753,
        "calmar": 2.0151962776061776,
        "annualized_bin_mean": {
            "0": -0.49152333445559937,
            "1": -0.4890368092810446,
            "2": -0.5266809531023849,
            "3": -0.3193780465519904,
            "4": -0.10112608473435615,
            "4-0": 0.39039724972124323,
            "4-1": 0.3879107245466884
        },
        "max_drawdown_duration": 106,
        "avg_drawdown_duration": 12.03225806451613
    },
    "since": {
        "mean_ann": 0.5737154475045971,
        "vol_ann": 0.2303046307040923,
        "sr_ann": 2.4911155531290095,
        "avg_drawdown": 0.028348903105700193,
        "max_drawdown": 0.09232938744648558,
        "calmar": 6.213790250012484,
        "annualized_bin_mean": {
            "0": -0.7795786631028676,
            "1": -1.0291897071608487,
            "2": -0.9025354813446701,
            "3": -1.172153617268876,
            "4": -0.2058632155982709,
            "4-0": 0.5737154475045971,
            "4-1": 0.8233264915625775
        },
        "max_drawdown_duration": 39,
        "avg_drawdown_duration": 10.333333333333334
    }
}