{
    "n_samples": 720,
    "n_steps": 70,
    "lags": 0,
    "model": "xgb",
    "full": {
        "mean_ann": 0.3044811286562444,
        "vol_ann": 0.2380867583324187,
        "sr_ann": 1.2788662871839571,
        "avg_drawdown": 0.05372273296400828,
        "max_drawdown": 0.31769474694300825,
        "calmar": 0.9584078162641629,
        "annualized_bin_mean": {
            "0": -0.4628246756229422,
            "1": -0.5885262027026711,
            "2": -0.31881607124053685,
            "3": -0.3024899864328453,
            "4": -0.15834354696669797,
            "4-0": 0.3044811286562444,
            "4-1": 0.4301826557359733
        },
        "max_drawdown_duration": 230,
        "avg_drawdown_duration": 14.020408163265307
    },
    "since": {
        "mean_ann": 0.5311625293375188,
        "vol_ann": 0.21111191777177918,
        "sr_ann": 2.516023419917618,
        "avg_drawdown": 0.027026717270172612,
        "max_drawdown": 0.08735260497635308,
        "calmar": 6.080671887018229,
        "annualized_bin_mean": {
            "0": -1.477154653844343,
            "1": -1.7479282557887121,
            "2": -1.7315146921892186,
            "3": -1.4086138107007473,
            "4": -0.945992124506824,
            "4-0": 0.5311625293375188,
            "4-1": 0.8019361312818887
        },
        "max_drawdown_duration": 40,
        "avg_drawdown_duration": 11.8
    }
}