{
    "n_samples": 540,
    "n_steps": 70,
    "lags": 30,
    "model": "xgb",
    "full": {
        "mean_ann": 0.45515559248804005,
        "vol_ann": 0.24904901346494418,
        "sr_ann": 1.8275743644015967,
        "avg_drawdown": 0.041292564072520126,
        "max_drawdown": 0.16955386344306755,
        "calmar": 2.684430677339719,
        "annualized_bin_mean": {
            "0": -0.5047036676561725,
            "1": -0.5506253944660479,
            "2": -0.5201593260409869,
            "3": -0.37616041615534784,
            "4": -0.04954807516813261,
            "4-0": 0.45515559248804005,
            "4-1": 0.5010773192979152
        },
        "max_drawdown_duration": 79,
        "avg_drawdown_duration": 11.516666666666667
    },
    "since": {
        "mean_ann": 0.3410464536348004,
        "vol_ann": 0.23753319320450134,
        "sr_ann": 1.435784401471758,
        "avg_drawdown": 0.0412786037352519,
        "max_drawdown": 0.09232938744648561,
        "calmar": 3.6938017576740876,
        "annualized_bin_mean": {
            "0": -1.5135853801157768,
            "1": -1.6362956820216406,
            "2": -1.860811378080808,
            "3": -2.1654815433226897,
            "4": -1.1725389264809765,
            "4-0": 0.3410464536348004,
            "4-1": 0.4637567555406643
        },
        "max_drawdown_duration": 30,
        "avg_drawdown_duration": 9.8
    }
}