{
    "n_samples": 720,
    "n_steps": 10,
    "lags": 0,
    "model": "xgb",
    "full": {
        "mean_ann": 0.2837283806543089,
        "vol_ann": 0.25367316610541046,
        "sr_ann": 1.1184800702822835,
        "avg_drawdown": 0.05697429203487288,
        "max_drawdown": 0.2174097779792538,
        "calmar": 1.305039650430918,
        "annualized_bin_mean": {
            "0": -0.19720502030453183,
            "1": -0.476512577587653,
            "2": -0.4112600242668498,
            "3": -0.26782623619851215,
            "4": 0.08652336034977695,
            "4-0": 0.2837283806543089,
            "4-1": 0.5630359379374299
        },
        "max_drawdown_duration": 202,
        "avg_drawdown_duration": 19.634146341463413
    },
    "since": {
        "mean_ann": 0.5358560074429017,
        "vol_ann": 0.24115801540673631,
        "sr_ann": 2.222012013737668,
        "avg_drawdown": 0.027386289172715274,
        "max_drawdown": 0.12976110423128212,
        "calmar": 4.129558010602382,
        "annualized_bin_mean": {
            "0": -0.7913764608383004,
            "1": -1.0778399088389718,
            "2": -1.0117487110295098,
            "3": -1.0786283594576682,
            "4": -0.25552045339539853,
            "4-0": 0.5358560074429017,
            "4-1": 0.8223194554435734
        },
        "max_drawdown_duration": 28,
        "avg_drawdown_duration": 9.1
    }
}