{
    "n_samples": 720,
    "n_steps": 40,
    "lags": 90,
    "model": "xgb",
    "full": {
        "mean_ann": 0.246847452353858,
        "vol_ann": 0.24287420253028166,
        "sr_ann": 1.0163592912799413,
        "avg_drawdown": 0.05801944644514508,
        "max_drawdown": 0.25439254474376266,
        "calmar": 0.9703407487923654,
        "annualized_bin_mean": {
            "0": -0.3956423413714302,
            "1": -0.5874257895444045,
            "2": -0.5407358523276286,
            "3": -0.4551245469229681,
            "4": -0.14879488901757215,
            "4-0": 0.246847452353858,
            "4-1": 0.4386309005268323
        },
        "max_drawdown_duration": 199,
        "avg_drawdown_duration": 16.897435897435898
    },
    "since": {
        "mean_ann": 0.3674594941800835,
        "vol_ann": 0.2412557118858381,
        "sr_ann": 1.5231121008814286,
        "avg_drawdown": 0.0793647565894418,
        "max_drawdown": 0.1663680993674176,
        "calmar": 2.208713663119774,
        "annualized_bin_mean": {
            "0": -0.9030356050798206,
            "1": -1.2362840955879155,
            "2": -0.7228698734130814,
            "3": -0.9442274669334768,
            "4": -0.5355761108997376,
            "4-0": 0.3674594941800835,
            "4-1": 0.7007079846881779
        },
        "max_drawdown_duration": 98,
        "avg_drawdown_duration": 34.0
    }
}