{
    "n_samples": 540,
    "n_steps": 5,
    "lags": 0,
    "model": "xgb",
    "full": {
        "mean_ann": 0.4534328670334017,
        "vol_ann": 0.2455751466048351,
        "sr_ann": 1.8464118755593735,
        "avg_drawdown": 0.038707388044689046,
        "max_drawdown": 0.2175213959834359,
        "calmar": 2.0845437525048354,
        "annualized_bin_mean": {
            "0": -0.3268801156725464,
            "1": -0.5748304228825541,
            "2": -0.4520347261487574,
            "3": -0.28950431313508995,
            "4": 0.12655275136085523,
            "4-0": 0.4534328670334017,
            "4-1": 0.7013831742434092
        },
        "max_drawdown_duration": 91,
        "avg_drawdown_duration": 13.06060606060606
    },
    "since": {
        "mean_ann": 0.32655246234168844,
        "vol_ann": 0.24160310437645843,
        "sr_ann": 1.3516070630982646,
        "avg_drawdown": 0.039021748431569546,
        "max_drawdown": 0.13654761793891412,
        "calmar": 2.3914914611529494,
        "annualized_bin_mean": {
            "0": -0.4717062533648626,
            "1": -0.4619933435379761,
            "2": -1.3413072988463393,
            "3": -0.45712657594454276,
            "4": -0.14515379102317405,
            "4-0": 0.32655246234168844,
            "4-1": 0.3168395525148021
        },
        "max_drawdown_duration": 66,
        "avg_drawdown_duration": 14.625
    }
}