{
    "n_samples": 360,
    "n_steps": 60,
    "lags": 0,
    "model": "xgb",
    "full": {
        "mean_ann": 0.43825870495647823,
        "vol_ann": 0.24453867998127665,
        "sr_ann": 1.7921856165659926,
        "avg_drawdown": 0.05860145275094355,
        "max_drawdown": 0.21726957754556459,
        "calmar": 2.0171195153383543,
        "annualized_bin_mean": {
            "0": -0.514185355314919,
            "1": -0.6329009928869263,
            "2": -0.653802154490278,
            "3": -0.4163152959770384,
            "4": -0.07592665035844072,
            "4-0": 0.43825870495647823,
            "4-1": 0.5569743425284855
        },
        "max_drawdown_duration": 183,
        "avg_drawdown_duration": 13.673076923076923
    },
    "since": {
        "mean_ann": 0.037378492475853405,
        "vol_ann": 0.20976748772340575,
        "sr_ann": 0.17819011364210913,
        "avg_drawdown": 0.028151637179704127,
        "max_drawdown": 0.07913016397763517,
        "calmar": 0.47236718081890766,
        "annualized_bin_mean": {
            "0": -0.8243941820049254,
            "1": -1.526316243670509,
            "2": -1.4413759753391422,
            "3": -1.195544364856505,
            "4": -0.7870156895290721,
            "4-0": 0.037378492475853405,
            "4-1": 0.7393005541414369
        },
        "max_drawdown_duration": 26,
        "avg_drawdown_duration": 24.333333333333332
    }
}