{
    "n_samples": 720,
    "n_steps": 20,
    "lags": 90,
    "model": "xgb",
    "full": {
        "mean_ann": 0.2702614611476378,
        "vol_ann": 0.24516331066796063,
        "sr_ann": 1.102373191205878,
        "avg_drawdown": 0.05710459708233522,
        "max_drawdown": 0.20299694299732213,
        "calmar": 1.3313572961106268,
        "annualized_bin_mean": {
            "0": -0.37972241956013525,
            "1": -0.5806706710186798,
            "2": -0.6222552806817485,
            "3": -0.45310802075591833,
            "4": -0.10946095841249756,
            "4-0": 0.2702614611476378,
            "4-1": 0.4712097126061822
        },
        "max_drawdown_duration": 168,
        "avg_drawdown_duration": 14.844444444444445
    },
    "since": {
        "mean_ann": 0.6246804373658752,
        "vol_ann": 0.2491697359381705,
        "sr_ann": 2.507047796209427,
        "avg_drawdown": 0.03211094809533697,
        "max_drawdown": 0.08724966645107574,
        "calmar": 7.159688544094982,
        "annualized_bin_mean": {
            "0": -0.9859488652176273,
            "1": -0.871238429758505,
            "2": -1.148682655209793,
            "3": -0.8864418119849055,
            "4": -0.3612684278517519,
            "4-0": 0.6246804373658752,
            "4-1": 0.5099700019067532
        },
        "max_drawdown_duration": 53,
        "avg_drawdown_duration": 7.818181818181818
    }
}