{
    "n_samples": 360,
    "n_steps": 5,
    "lags": 60,
    "model": "xgb",
    "full": {
        "mean_ann": 0.2723325589383271,
        "vol_ann": 0.2542872195291742,
        "sr_ann": 1.0709643978276404,
        "avg_drawdown": 0.06443503458132693,
        "max_drawdown": 0.3300977750133547,
        "calmar": 0.8250057393670993,
        "annualized_bin_mean": {
            "0": -0.3629364118905595,
            "1": -0.44037129163470007,
            "2": -0.37819892341575334,
            "3": -0.24454445069827727,
            "4": -0.09060385295223244,
            "4-0": 0.2723325589383271,
            "4-1": 0.34976743868246735
        },
        "max_drawdown_duration": 214,
        "avg_drawdown_duration": 19.21276595744681
    },
    "since": {
        "mean_ann": -0.13816682772917188,
        "vol_ann": 0.2520313659992051,
        "sr_ann": -0.5482128273256578,
        "avg_drawdown": 0.05165129639369339,
        "max_drawdown": 0.3300977750133554,
        "calmar": -0.4185633414935372,
        "annualized_bin_mean": {
            "0": -0.4821861543380153,
            "1": -0.7128826456498784,
            "2": -0.5933157446903021,
            "3": -0.47074237310077593,
            "4": -0.6203529820671871,
            "4-0": -0.13816682772917188,
            "4-1": 0.09252966358269091
        },
        "max_drawdown_duration": 61,
        "avg_drawdown_duration": 16.285714285714285
    }
}