{
    "n_samples": 720,
    "n_steps": 80,
    "lags": 30,
    "model": "xgb",
    "full": {
        "mean_ann": 0.2171754327250154,
        "vol_ann": 0.24083734301534399,
        "sr_ann": 0.9017514892247377,
        "avg_drawdown": 0.07323197062197853,
        "max_drawdown": 0.3275351607298486,
        "calmar": 0.6630599055108528,
        "annualized_bin_mean": {
            "0": -0.4546057219024041,
            "1": -0.6258975022215405,
            "2": -0.6975671830583812,
            "3": -0.5012504754166458,
            "4": -0.23743028917738856,
            "4-0": 0.2171754327250154,
            "4-1": 0.3884672130441519
        },
        "max_drawdown_duration": 246,
        "avg_drawdown_duration": 16.5
    },
    "since": {
        "mean_ann": 0.10694013688921322,
        "vol_ann": 0.2028862483397437,
        "sr_ann": 0.5270940626302889,
        "avg_drawdown": 0.05029344152168328,
        "max_drawdown": 0.12355285023268153,
        "calmar": 0.8655416422026498,
        "annualized_bin_mean": {
            "0": -1.7715420042970964,
            "1": -2.3756799947861733,
            "2": -2.263142815041667,
            "3": -1.8753685870931898,
            "4": -1.6646018674078833,
            "4-0": 0.10694013688921322,
            "4-1": 0.7110781273782902
        },
        "max_drawdown_duration": 37,
        "avg_drawdown_duration": 20.0
    }
}