{
    "n_samples": 720,
    "n_steps": 70,
    "lags": 60,
    "model": "xgb",
    "full": {
        "mean_ann": 0.22483234319313167,
        "vol_ann": 0.2247460870582207,
        "sr_ann": 1.0003837937115614,
        "avg_drawdown": 0.06959655977957356,
        "max_drawdown": 0.24649077721714818,
        "calmar": 0.9121328827449948,
        "annualized_bin_mean": {
            "0": -0.665963630575254,
            "1": -0.7614847064196385,
            "2": -0.8008446408026294,
            "3": -0.6832873336440249,
            "4": -0.44113128738212243,
            "4-0": 0.22483234319313167,
            "4-1": 0.32035341903751613
        },
        "max_drawdown_duration": 332,
        "avg_drawdown_duration": 15.268292682926829
    },
    "since": {
        "mean_ann": 0.10892295369388892,
        "vol_ann": 0.2103590771480421,
        "sr_ann": 0.5177953581591034,
        "avg_drawdown": 0.04252607178334795,
        "max_drawdown": 0.10458631120280906,
        "calmar": 1.0414647236450518,
        "annualized_bin_mean": {
            "0": -1.5350170034584272,
            "1": -2.0011003392313262,
            "2": -1.649367540695734,
            "3": -1.729270196136346,
            "4": -1.4260940497645378,
            "4-0": 0.10892295369388892,
            "4-1": 0.5750062894667877
        },
        "max_drawdown_duration": 46,
        "avg_drawdown_duration": 13.0
    }
}