{
    "n_samples": 360,
    "n_steps": 60,
    "lags": 30,
    "model": "xgb",
    "full": {
        "mean_ann": 0.3245959878613982,
        "vol_ann": 0.24696492237227988,
        "sr_ann": 1.3143404526578706,
        "avg_drawdown": 0.08859125859258349,
        "max_drawdown": 0.3517690249364672,
        "calmar": 0.922753184195292,
        "annualized_bin_mean": {
            "0": -0.3944879005389636,
            "1": -0.39797574723316237,
            "2": -0.4910655994518142,
            "3": -0.1910391535124963,
            "4": -0.06989191267756534,
            "4-0": 0.3245959878613982,
            "4-1": 0.32808383455559714
        },
        "max_drawdown_duration": 258,
        "avg_drawdown_duration": 16.434782608695652
    },
    "since": {
        "mean_ann": 0.22999077240127813,
        "vol_ann": 0.23949946977421233,
        "sr_ann": 0.9602976266214764,
        "avg_drawdown": 0.03455557863328382,
        "max_drawdown": 0.15009865924535618,
        "calmar": 1.5322640026072964,
        "annualized_bin_mean": {
            "0": -0.6605031548115403,
            "1": -1.358744409005557,
            "2": -0.7506579244497832,
            "3": -0.7209627936064795,
            "4": -0.430512382410262,
            "4-0": 0.22999077240127813,
            "4-1": 0.9282320265952955
        },
        "max_drawdown_duration": 27,
        "avg_drawdown_duration": 13.0
    }
}