{
    "n_samples": 360,
    "n_steps": 50,
    "lags": 60,
    "model": "xgb",
    "full": {
        "mean_ann": 0.3850188760709761,
        "vol_ann": 0.24222027939685473,
        "sr_ann": 1.589540219463456,
        "avg_drawdown": 0.046072248774409096,
        "max_drawdown": 0.27561471183891206,
        "calmar": 1.3969460247681091,
        "annualized_bin_mean": {
            "0": -0.4970702461950139,
            "1": -0.3843703592872254,
            "2": -0.4337091408133284,
            "3": -0.24071309122091733,
            "4": -0.11205137012403782,
            "4-0": 0.3850188760709761,
            "4-1": 0.27231898916318753
        },
        "max_drawdown_duration": 111,
        "avg_drawdown_duration": 12.344827586206897
    },
    "since": {
        "mean_ann": 0.13831965891506035,
        "vol_ann": 0.21984117551325522,
        "sr_ann": 0.6291799458956242,
        "avg_drawdown": 0.05065985766723713,
        "max_drawdown": 0.13461091058229568,
        "calmar": 1.0275516175971284,
        "annualized_bin_mean": {
            "0": -1.1453365228158034,
            "1": -1.2284845758726335,
            "2": -1.0315826864716056,
            "3": -0.6687180265228898,
            "4": -1.0070168639007433,
            "4-0": 0.13831965891506035,
            "4-1": 0.22146771197189052
        },
        "max_drawdown_duration": 60,
        "avg_drawdown_duration": 14.5
    }
}