{
    "n_samples": 540,
    "n_steps": 20,
    "lags": 0,
    "model": "xgb",
    "full": {
        "mean_ann": 0.4656108651927555,
        "vol_ann": 0.2520839166892433,
        "sr_ann": 1.8470470917299249,
        "avg_drawdown": 0.03443910706630136,
        "max_drawdown": 0.16669164088731409,
        "calmar": 2.793246636209641,
        "annualized_bin_mean": {
            "0": -0.5160899974866084,
            "1": -0.5540596495780927,
            "2": -0.5509271058775311,
            "3": -0.31115886753386124,
            "4": -0.0504791322938532,
            "4-0": 0.4656108651927555,
            "4-1": 0.5035805172842397
        },
        "max_drawdown_duration": 64,
        "avg_drawdown_duration": 11.06060606060606
    },
    "since": {
        "mean_ann": 0.5389692509285557,
        "vol_ann": 0.24238961647896298,
        "sr_ann": 2.2235657564784046,
        "avg_drawdown": 0.03600179590653459,
        "max_drawdown": 0.09984263898657955,
        "calmar": 5.398187151293165,
        "annualized_bin_mean": {
            "0": -1.018285920525779,
            "1": -1.2038874741869965,
            "2": -1.0700363827074122,
            "3": -1.096607633591295,
            "4": -0.4793166695972229,
            "4-0": 0.5389692509285557,
            "4-1": 0.7245708045897739
        },
        "max_drawdown_duration": 51,
        "avg_drawdown_duration": 9.875
    }
}