{
    "n_samples": 540,
    "n_steps": 40,
    "lags": 60,
    "model": "xgb",
    "full": {
        "mean_ann": 0.45543623013448403,
        "vol_ann": 0.2474273925339001,
        "sr_ann": 1.8406863745778859,
        "avg_drawdown": 0.048189611623591845,
        "max_drawdown": 0.24164814617773467,
        "calmar": 1.884708148348492,
        "annualized_bin_mean": {
            "0": -0.4235850439201531,
            "1": -0.3149049544194581,
            "2": -0.49509678711965893,
            "3": -0.3305578977032279,
            "4": 0.031851186214330696,
            "4-0": 0.45543623013448403,
            "4-1": 0.3467561406337888
        },
        "max_drawdown_duration": 164,
        "avg_drawdown_duration": 10.142857142857142
    },
    "since": {
        "mean_ann": 0.26274734925487303,
        "vol_ann": 0.20858260201880954,
        "sr_ann": 1.2596800821919893,
        "avg_drawdown": 0.03735018172397388,
        "max_drawdown": 0.09232938744648558,
        "calmar": 2.8457607758652386,
        "annualized_bin_mean": {
            "0": -0.7780800363658,
            "1": -0.9980376908934473,
            "2": -1.4810532536651442,
            "3": -1.0956427569510403,
            "4": -0.5153326871109267,
            "4-0": 0.26274734925487303,
            "4-1": 0.48270500378252007
        },
        "max_drawdown_duration": 51,
        "avg_drawdown_duration": 14.166666666666666
    }
}