{
    "n_samples": 720,
    "n_steps": 90,
    "lags": 90,
    "model": "xgb",
    "full": {
        "mean_ann": 0.19356995542834904,
        "vol_ann": 0.2444216897068329,
        "sr_ann": 0.7919508111596928,
        "avg_drawdown": 0.04718576164153821,
        "max_drawdown": 0.17844092430393588,
        "calmar": 1.0847845368624303,
        "annualized_bin_mean": {
            "0": -0.5030688175519862,
            "1": -0.6904058272264249,
            "2": -0.8248063394657756,
            "3": -0.5420947525558188,
            "4": -0.30949886212363714,
            "4-0": 0.19356995542834904,
            "4-1": 0.3809069651027878
        },
        "max_drawdown_duration": 162,
        "avg_drawdown_duration": 20.9375
    },
    "since": {
        "mean_ann": 0.18188234445154058,
        "vol_ann": 0.23146474454749466,
        "sr_ann": 0.7857885433356777,
        "avg_drawdown": 0.04484254190871652,
        "max_drawdown": 0.11038367732111466,
        "calmar": 1.6477286213470743,
        "annualized_bin_mean": {
            "0": -0.5631560269575352,
            "1": -0.9736095115089333,
            "2": -1.082674647894833,
            "3": -0.8276692493882719,
            "4": -0.38127368250599486,
            "4-0": 0.18188234445154058,
            "4-1": 0.5923358290029381
        },
        "max_drawdown_duration": 56,
        "avg_drawdown_duration": 25.0
    }
}