{
    "n_samples": 360,
    "n_steps": 20,
    "lags": 60,
    "model": "xgb",
    "full": {
        "mean_ann": 0.24959201356148822,
        "vol_ann": 0.2427973170209534,
        "sr_ann": 1.027985056111425,
        "avg_drawdown": 0.06858851666530315,
        "max_drawdown": 0.31092649373525294,
        "calmar": 0.8027363977995723,
        "annualized_bin_mean": {
            "0": -0.4312753643536254,
            "1": -0.5457553451704795,
            "2": -0.4313236962853158,
            "3": -0.3834228533295623,
            "4": -0.18168335079213718,
            "4-0": 0.24959201356148822,
            "4-1": 0.3640719943783423
        },
        "max_drawdown_duration": 198,
        "avg_drawdown_duration": 14.903846153846153
    },
    "since": {
        "mean_ann": 0.27050006106561786,
        "vol_ann": 0.23915813434383865,
        "sr_ann": 1.1310510587807094,
        "avg_drawdown": 0.025777713781331178,
        "max_drawdown": 0.15009865924535615,
        "calmar": 1.8021484164188946,
        "annualized_bin_mean": {
            "0": -0.848233595549774,
            "1": -1.2915843293580183,
            "2": -0.9281488682279483,
            "3": -1.2334931389038502,
            "4": -0.5777335344841561,
            "4-0": 0.27050006106561786,
            "4-1": 0.7138507948738623
        },
        "max_drawdown_duration": 28,
        "avg_drawdown_duration": 9.0
    }
}