{
    "n_samples": 360,
    "n_steps": 80,
    "lags": 30,
    "model": "xgb",
    "full": {
        "mean_ann": 0.2839166758111719,
        "vol_ann": 0.24519317737942756,
        "sr_ann": 1.157930570685583,
        "avg_drawdown": 0.05389269643268298,
        "max_drawdown": 0.3335749452269519,
        "calmar": 0.8511330957965252,
        "annualized_bin_mean": {
            "0": -0.5343132199443832,
            "1": -0.5683610173396765,
            "2": -0.5562388888117564,
            "3": -0.4107327738039697,
            "4": -0.2503965441332113,
            "4-0": 0.2839166758111719,
            "4-1": 0.31796447320646515
        },
        "max_drawdown_duration": 135,
        "avg_drawdown_duration": 15.0
    },
    "since": {
        "mean_ann": 0.23100650922976476,
        "vol_ann": 0.21013040060742139,
        "sr_ann": 1.0993483501768286,
        "avg_drawdown": 0.0501866426159741,
        "max_drawdown": 0.12059564726445168,
        "calmar": 1.9155459958119003,
        "annualized_bin_mean": {
            "0": -1.2454320092446127,
            "1": -1.5134361826153715,
            "2": -1.1038183089189384,
            "3": -1.1950419134506332,
            "4": -1.014425500014848,
            "4-0": 0.23100650922976476,
            "4-1": 0.499010682600524
        },
        "max_drawdown_duration": 56,
        "avg_drawdown_duration": 19.75
    }
}