{
    "n_samples": 360,
    "n_steps": 50,
    "lags": 0,
    "model": "xgb",
    "full": {
        "mean_ann": 0.2931958309190469,
        "vol_ann": 0.25330014602100714,
        "sr_ann": 1.157503600075821,
        "avg_drawdown": 0.10684919401749932,
        "max_drawdown": 0.32498842099841513,
        "calmar": 0.9021731605646243,
        "annualized_bin_mean": {
            "0": -0.414173111633552,
            "1": -0.6413318386567844,
            "2": -0.49653476466656266,
            "3": -0.42782636910035726,
            "4": -0.12097728071450499,
            "4-0": 0.2931958309190469,
            "4-1": 0.5203545579422794
        },
        "max_drawdown_duration": 263,
        "avg_drawdown_duration": 18.825
    },
    "since": {
        "mean_ann": 0.5557543613113488,
        "vol_ann": 0.23748863234985446,
        "sr_ann": 2.3401303709250545,
        "avg_drawdown": 0.026247283549646058,
        "max_drawdown": 0.08319456963786814,
        "calmar": 6.68017592651123,
        "annualized_bin_mean": {
            "0": -1.3428501883357544,
            "1": -1.675028777826658,
            "2": -1.4002026678706543,
            "3": -1.1614925869969779,
            "4": -0.7870958270244051,
            "4-0": 0.5557543613113488,
            "4-1": 0.8879329508022525
        },
        "max_drawdown_duration": 27,
        "avg_drawdown_duration": 12.0
    }
}