{
    "n_samples": 540,
    "n_steps": 20,
    "lags": 60,
    "model": "xgb",
    "full": {
        "mean_ann": 0.33099140112970127,
        "vol_ann": 0.2438478431854816,
        "sr_ann": 1.3573685820051906,
        "avg_drawdown": 0.04256794960378413,
        "max_drawdown": 0.18194477963167954,
        "calmar": 1.819186028858562,
        "annualized_bin_mean": {
            "0": -0.47657259924883727,
            "1": -0.4268606457122362,
            "2": -0.5422337719127148,
            "3": -0.3850398617654373,
            "4": -0.14558119811913597,
            "4-0": 0.33099140112970127,
            "4-1": 0.28127944759310036
        },
        "max_drawdown_duration": 82,
        "avg_drawdown_duration": 12.306451612903226
    },
    "since": {
        "mean_ann": 0.3185630274560545,
        "vol_ann": 0.20935138312109894,
        "sr_ann": 1.5216666959959004,
        "avg_drawdown": 0.03861104483345853,
        "max_drawdown": 0.0879038228843844,
        "calmar": 3.6239951460933035,
        "annualized_bin_mean": {
            "0": -0.8219239221010174,
            "1": -1.178695241016154,
            "2": -1.1614263851802502,
            "3": -1.2059261510204307,
            "4": -0.5033608946449629,
            "4-0": 0.3185630274560545,
            "4-1": 0.6753343463711915
        },
        "max_drawdown_duration": 51,
        "avg_drawdown_duration": 12.714285714285714
    }
}