{
    "n_samples": 540,
    "n_steps": 5,
    "lags": 90,
    "model": "xgb",
    "full": {
        "mean_ann": 0.5382524425620098,
        "vol_ann": 0.2396252192893316,
        "sr_ann": 2.2462261867024336,
        "avg_drawdown": 0.030000965891529844,
        "max_drawdown": 0.1653711608524332,
        "calmar": 3.2548144415719036,
        "annualized_bin_mean": {
            "0": -0.4016558815577713,
            "1": -0.43863802978388655,
            "2": -0.4521992947824821,
            "3": -0.3635346940305908,
            "4": 0.13659656100423845,
            "4-0": 0.5382524425620098,
            "4-1": 0.5752345907881249
        },
        "max_drawdown_duration": 80,
        "avg_drawdown_duration": 9.511627906976743
    },
    "since": {
        "mean_ann": 0.4501925160318659,
        "vol_ann": 0.2596170268647063,
        "sr_ann": 1.7340639073972366,
        "avg_drawdown": 0.038309360004169006,
        "max_drawdown": 0.09870729486356296,
        "calmar": 4.5608839412947075,
        "annualized_bin_mean": {
            "0": -0.35039872250440735,
            "1": -0.8336338155356428,
            "2": -1.078104052834884,
            "3": -0.7291668261221976,
            "4": 0.09979379352745822,
            "4-0": 0.4501925160318659,
            "4-1": 0.9334276090631006
        },
        "max_drawdown_duration": 66,
        "avg_drawdown_duration": 12.555555555555555
    }
}