{
    "n_samples": 360,
    "n_steps": 30,
    "lags": 60,
    "model": "xgb",
    "full": {
        "mean_ann": 0.37747624705287985,
        "vol_ann": 0.24591257882480036,
        "sr_ann": 1.535001783385028,
        "avg_drawdown": 0.06330029344939862,
        "max_drawdown": 0.26552096278072845,
        "calmar": 1.421643862313824,
        "annualized_bin_mean": {
            "0": -0.47219473381898897,
            "1": -0.482184128026919,
            "2": -0.5798452311995751,
            "3": -0.30250096164605744,
            "4": -0.09471848676610903,
            "4-0": 0.37747624705287985,
            "4-1": 0.38746564126080996
        },
        "max_drawdown_duration": 196,
        "avg_drawdown_duration": 11.303030303030303
    },
    "since": {
        "mean_ann": 0.7395735879808019,
        "vol_ann": 0.24365811148709546,
        "sr_ann": 3.0352922932342885,
        "avg_drawdown": 0.025151713326623092,
        "max_drawdown": 0.1500986592453562,
        "calmar": 4.927249794895706,
        "annualized_bin_mean": {
            "0": -0.9721227224883399,
            "1": -1.2633082508460687,
            "2": -0.696760606292152,
            "3": -0.9327386654954672,
            "4": -0.23254913450753772,
            "4-0": 0.7395735879808019,
            "4-1": 1.030759116338531
        },
        "max_drawdown_duration": 23,
        "avg_drawdown_duration": 4.294117647058823
    }
}