{
    "n_samples": 540,
    "n_steps": 10,
    "lags": 30,
    "model": "xgb",
    "full": {
        "mean_ann": 0.5088832931993086,
        "vol_ann": 0.25042081977303976,
        "sr_ann": 2.0321125602117163,
        "avg_drawdown": 0.037121670141435095,
        "max_drawdown": 0.19841511270548007,
        "calmar": 2.564740589869663,
        "annualized_bin_mean": {
            "0": -0.4074465220448105,
            "1": -0.4364546377101001,
            "2": -0.38558573344285246,
            "3": -0.23021514913983265,
            "4": 0.10143677115449823,
            "4-0": 0.5088832931993086,
            "4-1": 0.5378914088645983
        },
        "max_drawdown_duration": 105,
        "avg_drawdown_duration": 10.364864864864865
    },
    "since": {
        "mean_ann": 0.520391296984382,
        "vol_ann": 0.23816176054207047,
        "sr_ann": 2.185032961630533,
        "avg_drawdown": 0.029189971879806948,
        "max_drawdown": 0.0932714942038218,
        "calmar": 5.579317683570024,
        "annualized_bin_mean": {
            "0": -1.1033632230155825,
            "1": -0.6364371571484766,
            "2": -0.9844322966631035,
            "3": -0.899075474649085,
            "4": -0.5829719260312003,
            "4-0": 0.520391296984382,
            "4-1": 0.05346523111727618
        },
        "max_drawdown_duration": 26,
        "avg_drawdown_duration": 10.666666666666666
    }
}