{
    "n_samples": 540,
    "n_steps": 80,
    "lags": 60,
    "model": "xgb",
    "full": {
        "mean_ann": 0.3196084661396074,
        "vol_ann": 0.24725866316663214,
        "sr_ann": 1.292607757586303,
        "avg_drawdown": 0.052573181769813154,
        "max_drawdown": 0.21067670999868293,
        "calmar": 1.517056470748976,
        "annualized_bin_mean": {
            "0": -0.46307892785150345,
            "1": -0.5461719441306511,
            "2": -0.4252325532396548,
            "3": -0.43470296773888356,
            "4": -0.14347046171189606,
            "4-0": 0.3196084661396074,
            "4-1": 0.40270148241875503
        },
        "max_drawdown_duration": 171,
        "avg_drawdown_duration": 12.49090909090909
    },
    "since": {
        "mean_ann": 0.07121700275142008,
        "vol_ann": 0.20089354434976614,
        "sr_ann": 0.3545012010312664,
        "avg_drawdown": 0.05010332001428448,
        "max_drawdown": 0.10880922566456538,
        "calmar": 0.6545125407928758,
        "annualized_bin_mean": {
            "0": -1.4307613851281247,
            "1": -1.8248439734261526,
            "2": -2.2743093656646676,
            "3": -1.4344094298752883,
            "4": -1.3595443823767044,
            "4-0": 0.07121700275142008,
            "4-1": 0.4652995910494483
        },
        "max_drawdown_duration": 42,
        "avg_drawdown_duration": 16.666666666666668
    }
}