{
    "n_samples": 540,
    "n_steps": 30,
    "lags": 0,
    "model": "xgb",
    "full": {
        "mean_ann": 0.4904140566669369,
        "vol_ann": 0.241966459619389,
        "sr_ann": 2.026785271968494,
        "avg_drawdown": 0.03563036859040741,
        "max_drawdown": 0.14049210103284882,
        "calmar": 3.4906877544117014,
        "annualized_bin_mean": {
            "0": -0.4596857759487329,
            "1": -0.62160488452389,
            "2": -0.569019068811871,
            "3": -0.30948033001529784,
            "4": 0.030728280718203823,
            "4-0": 0.4904140566669369,
            "4-1": 0.6523331652420941
        },
        "max_drawdown_duration": 73,
        "avg_drawdown_duration": 10.304347826086957
    },
    "since": {
        "mean_ann": 0.28963161972202645,
        "vol_ann": 0.24095393512830304,
        "sr_ann": 1.202020708098432,
        "avg_drawdown": 0.05144631038284018,
        "max_drawdown": 0.14049210103284884,
        "calmar": 2.061550917046268,
        "annualized_bin_mean": {
            "0": -0.6643175430549557,
            "1": -1.0043384796685864,
            "2": -1.1108977718951565,
            "3": -0.9178511340632093,
            "4": -0.3746859233329294,
            "4-0": 0.28963161972202645,
            "4-1": 0.6296525563356578
        },
        "max_drawdown_duration": 54,
        "avg_drawdown_duration": 11.625
    }
}