{
    "n_samples": 540,
    "n_steps": 30,
    "lags": 30,
    "model": "xgb",
    "full": {
        "mean_ann": 0.6072415078534621,
        "vol_ann": 0.2523190231579719,
        "sr_ann": 2.4066417991531313,
        "avg_drawdown": 0.028151747541050025,
        "max_drawdown": 0.1517146140958041,
        "calmar": 4.0025248159020705,
        "annualized_bin_mean": {
            "0": -0.5539005158245008,
            "1": -0.512554076701888,
            "2": -0.4730980545034181,
            "3": -0.44654757728633676,
            "4": 0.05334099202896113,
            "4-0": 0.6072415078534621,
            "4-1": 0.5658950687308489
        },
        "max_drawdown_duration": 92,
        "avg_drawdown_duration": 8.382716049382717
    },
    "since": {
        "mean_ann": 0.5778053016361819,
        "vol_ann": 0.26012263088196064,
        "sr_ann": 2.221280400236996,
        "avg_drawdown": 0.027388199193327203,
        "max_drawdown": 0.09992849150730901,
        "calmar": 5.782187771681912,
        "annualized_bin_mean": {
            "0": -0.8474642825665071,
            "1": -0.9653630101028902,
            "2": -0.8724746196604867,
            "3": -1.1358900583925984,
            "4": -0.2696589809303255,
            "4-0": 0.5778053016361819,
            "4-1": 0.695704029172565
        },
        "max_drawdown_duration": 22,
        "avg_drawdown_duration": 9.555555555555555
    }
}