{
    "n_samples": 360,
    "n_steps": 40,
    "lags": 90,
    "model": "xgb",
    "full": {
        "mean_ann": 0.4314001931088949,
        "vol_ann": 0.24004881675050269,
        "sr_ann": 1.797135261688356,
        "avg_drawdown": 0.035642782390128754,
        "max_drawdown": 0.215106866231771,
        "calmar": 2.0055156800251766,
        "annualized_bin_mean": {
            "0": -0.36239885232345626,
            "1": -0.3488105789457729,
            "2": -0.28514172752032635,
            "3": -0.2667503858217054,
            "4": 0.06900134078543865,
            "4-0": 0.4314001931088949,
            "4-1": 0.4178119197312115
        },
        "max_drawdown_duration": 125,
        "avg_drawdown_duration": 9.88888888888889
    },
    "since": {
        "mean_ann": 0.2723181416614782,
        "vol_ann": 0.22507222011972228,
        "sr_ann": 1.209914495518925,
        "avg_drawdown": 0.023498347508425502,
        "max_drawdown": 0.11233918000867721,
        "calmar": 2.4240709398131983,
        "annualized_bin_mean": {
            "0": -0.9787493603353484,
            "1": -0.8891006617416103,
            "2": -1.029152016421402,
            "3": -0.7290948145205387,
            "4": -0.7064312186738704,
            "4-0": 0.2723181416614782,
            "4-1": 0.18266944306774016
        },
        "max_drawdown_duration": 23,
        "avg_drawdown_duration": 8.181818181818182
    }
}