{
    "n_samples": 360,
    "n_steps": 30,
    "lags": 90,
    "model": "xgb",
    "full": {
        "mean_ann": 0.4183809289740923,
        "vol_ann": 0.2376279222731624,
        "sr_ann": 1.7606555869858904,
        "avg_drawdown": 0.04378906107409612,
        "max_drawdown": 0.253810578734159,
        "calmar": 1.6483983097186194,
        "annualized_bin_mean": {
            "0": -0.536710818941549,
            "1": -0.3755709684753992,
            "2": -0.5185413133652239,
            "3": -0.37947620381850555,
            "4": -0.11832988996745678,
            "4-0": 0.4183809289740923,
            "4-1": 0.2572410785079425
        },
        "max_drawdown_duration": 105,
        "avg_drawdown_duration": 8.924050632911392
    },
    "since": {
        "mean_ann": 0.5685300903379017,
        "vol_ann": 0.22630360727217094,
        "sr_ann": 2.5122449314479622,
        "avg_drawdown": 0.021659911354126225,
        "max_drawdown": 0.10907856864217827,
        "calmar": 5.212115426660116,
        "annualized_bin_mean": {
            "0": -1.150328805310471,
            "1": -0.9516475123297833,
            "2": -0.7475137990775176,
            "3": -0.6524265119101295,
            "4": -0.5817987149725691,
            "4-0": 0.5685300903379017,
            "4-1": 0.3698487973572143
        },
        "max_drawdown_duration": 23,
        "avg_drawdown_duration": 4.8125
    }
}