{
    "n_samples": 540,
    "n_steps": 50,
    "lags": 90,
    "model": "xgb",
    "full": {
        "mean_ann": 0.39398781557963886,
        "vol_ann": 0.2451768902914701,
        "sr_ann": 1.606953310775987,
        "avg_drawdown": 0.039086226583999434,
        "max_drawdown": 0.16555089745053075,
        "calmar": 2.379859134846241,
        "annualized_bin_mean": {
            "0": -0.3929421389587414,
            "1": -0.41127395867351785,
            "2": -0.4092200822527648,
            "3": -0.25937925101993564,
            "4": 0.0010456766208973116,
            "4-0": 0.39398781557963886,
            "4-1": 0.41231963529441523
        },
        "max_drawdown_duration": 152,
        "avg_drawdown_duration": 11.682539682539682
    },
    "since": {
        "mean_ann": 0.46031920938070664,
        "vol_ann": 0.2509749322276093,
        "sr_ann": 1.834124250159147,
        "avg_drawdown": 0.04722930186725282,
        "max_drawdown": 0.1088092256645654,
        "calmar": 4.230516360807201,
        "annualized_bin_mean": {
            "0": -0.6097097381706597,
            "1": -0.8793929336228183,
            "2": -0.9524762549763011,
            "3": -0.74390563072682,
            "4": -0.14939052878995265,
            "4-0": 0.46031920938070664,
            "4-1": 0.7300024048328658
        },
        "max_drawdown_duration": 55,
        "avg_drawdown_duration": 15.5
    }
}