{
    "n_samples": 720,
    "n_steps": 60,
    "lags": 0,
    "model": "xgb",
    "full": {
        "mean_ann": 0.42940042496219827,
        "vol_ann": 0.26354609594081047,
        "sr_ann": 1.6293181025099945,
        "avg_drawdown": 0.07277888164828893,
        "max_drawdown": 0.34388172560109875,
        "calmar": 1.2486863738153415,
        "annualized_bin_mean": {
            "0": -0.47453068864910525,
            "1": -0.6531795658160505,
            "2": -0.5328982573757103,
            "3": -0.38459870678109104,
            "4": -0.045130263686906966,
            "4-0": 0.42940042496219827,
            "4-1": 0.6080493021291434
        },
        "max_drawdown_duration": 246,
        "avg_drawdown_duration": 12.017543859649123
    },
    "since": {
        "mean_ann": 0.9514469976526929,
        "vol_ann": 0.24586361096517664,
        "sr_ann": 3.869816252668041,
        "avg_drawdown": 0.02478645915881962,
        "max_drawdown": 0.0847339501256302,
        "calmar": 11.22863971574601,
        "annualized_bin_mean": {
            "0": -1.4231863348421967,
            "1": -1.34470399449259,
            "2": -1.3782943925381455,
            "3": -1.1859804609471711,
            "4": -0.47173933718950417,
            "4-0": 0.9514469976526929,
            "4-1": 0.8729646573030863
        },
        "max_drawdown_duration": 32,
        "avg_drawdown_duration": 7.75
    }
}