{
    "n_samples": 360,
    "n_steps": 50,
    "lags": 90,
    "model": "xgb",
    "full": {
        "mean_ann": 0.5128171436735041,
        "vol_ann": 0.2473279384597216,
        "sr_ann": 2.0734299039047643,
        "avg_drawdown": 0.037490686527433564,
        "max_drawdown": 0.18703691517305,
        "calmar": 2.741796415959043,
        "annualized_bin_mean": {
            "0": -0.5770444977495772,
            "1": -0.5071595050060699,
            "2": -0.4620724470132956,
            "3": -0.3870663074008821,
            "4": -0.06422735407607323,
            "4-0": 0.5128171436735041,
            "4-1": 0.4429321509299966
        },
        "max_drawdown_duration": 112,
        "avg_drawdown_duration": 10.609375
    },
    "since": {
        "mean_ann": 0.4269743882623803,
        "vol_ann": 0.2356404948381316,
        "sr_ann": 1.8119737380269958,
        "avg_drawdown": 0.03142060840779019,
        "max_drawdown": 0.10527481743223882,
        "calmar": 4.055807444522111,
        "annualized_bin_mean": {
            "0": -1.4449537469876572,
            "1": -1.5753013286183555,
            "2": -1.6946895811312155,
            "3": -1.0728803840897216,
            "4": -1.0179793587252772,
            "4-0": 0.4269743882623803,
            "4-1": 0.5573219698930783
        },
        "max_drawdown_duration": 40,
        "avg_drawdown_duration": 9.857142857142858
    }
}