{
    "n_samples": 540,
    "n_steps": 50,
    "lags": 0,
    "model": "xgb",
    "full": {
        "mean_ann": 0.3748706910394888,
        "vol_ann": 0.2488172192667777,
        "sr_ann": 1.5066107247085607,
        "avg_drawdown": 0.037054923578547214,
        "max_drawdown": 0.1715970328063786,
        "calmar": 2.184598911232188,
        "annualized_bin_mean": {
            "0": -0.49494718285228695,
            "1": -0.5397645558565093,
            "2": -0.5096597546501196,
            "3": -0.2758335287653444,
            "4": -0.12007649181279813,
            "4-0": 0.3748706910394888,
            "4-1": 0.41968806404371095
        },
        "max_drawdown_duration": 81,
        "avg_drawdown_duration": 11.864406779661017
    },
    "since": {
        "mean_ann": 0.09970003907267662,
        "vol_ann": 0.20078889961305757,
        "sr_ann": 0.49654158803006354,
        "avg_drawdown": 0.041225950432902,
        "max_drawdown": 0.09917485834117834,
        "calmar": 1.0052955027139194,
        "annualized_bin_mean": {
            "0": -1.4242470442151849,
            "1": -2.0483256293478536,
            "2": -1.806564234821947,
            "3": -1.1275347635446684,
            "4": -1.3245470051425083,
            "4-0": 0.09970003907267662,
            "4-1": 0.7237786242053454
        },
        "max_drawdown_duration": 40,
        "avg_drawdown_duration": 32.0
    }
}