{
    "n_samples": 540,
    "n_steps": 60,
    "lags": 30,
    "model": "xgb",
    "full": {
        "mean_ann": 0.44577035240851953,
        "vol_ann": 0.24409020096781517,
        "sr_ann": 1.826252551888788,
        "avg_drawdown": 0.03627332623166663,
        "max_drawdown": 0.1812011300720514,
        "calmar": 2.460085940033966,
        "annualized_bin_mean": {
            "0": -0.3922388430608548,
            "1": -0.44614487460259583,
            "2": -0.4335839280226836,
            "3": -0.3226005550469219,
            "4": 0.05353150934766468,
            "4-0": 0.44577035240851953,
            "4-1": 0.4996763839502605
        },
        "max_drawdown_duration": 98,
        "avg_drawdown_duration": 11.523809523809524
    },
    "since": {
        "mean_ann": 0.38363320826019404,
        "vol_ann": 0.23151138169940358,
        "sr_ann": 1.6570814162316512,
        "avg_drawdown": 0.0351380513805285,
        "max_drawdown": 0.09232938744648561,
        "calmar": 4.15504985866552,
        "annualized_bin_mean": {
            "0": -0.7236412913751326,
            "1": -1.0420424497526088,
            "2": -0.8498151724659142,
            "3": -0.9592278044240897,
            "4": -0.3400080831149386,
            "4-0": 0.38363320826019404,
            "4-1": 0.7020343666376703
        },
        "max_drawdown_duration": 50,
        "avg_drawdown_duration": 11.875
    }
}