{
    "n_samples": 540,
    "n_steps": 40,
    "lags": 0,
    "model": "xgb",
    "full": {
        "mean_ann": 0.5931725917938016,
        "vol_ann": 0.25309334774326364,
        "sr_ann": 2.343690962575248,
        "avg_drawdown": 0.03017800494933292,
        "max_drawdown": 0.14273982008071395,
        "calmar": 4.155620985499246,
        "annualized_bin_mean": {
            "0": -0.6542807580492159,
            "1": -0.5370769829845795,
            "2": -0.6344042468851511,
            "3": -0.4719674627405063,
            "4": -0.061108166255414584,
            "4-0": 0.5931725917938016,
            "4-1": 0.4759688167291651
        },
        "max_drawdown_duration": 102,
        "avg_drawdown_duration": 9.657142857142857
    },
    "since": {
        "mean_ann": 0.6951655282795032,
        "vol_ann": 0.24578916227260406,
        "sr_ann": 2.8283001652794484,
        "avg_drawdown": 0.01845108470307066,
        "max_drawdown": 0.06568528001115664,
        "calmar": 10.583277229866864,
        "annualized_bin_mean": {
            "0": -1.3499894157228756,
            "1": -0.9744396732208043,
            "2": -1.4487073029047963,
            "3": -1.1425939428287946,
            "4": -0.6548238874433729,
            "4-0": 0.6951655282795032,
            "4-1": 0.3196157857774317
        },
        "max_drawdown_duration": 24,
        "avg_drawdown_duration": 7.0
    }
}