{
    "n_samples": 720,
    "n_steps": 60,
    "lags": 60,
    "model": "xgb",
    "full": {
        "mean_ann": 0.16190175010412275,
        "vol_ann": 0.2354332499468516,
        "sr_ann": 0.6876758067973475,
        "avg_drawdown": 0.0964583476259051,
        "max_drawdown": 0.33594028636947526,
        "calmar": 0.4819360960062387,
        "annualized_bin_mean": {
            "0": -0.6492896902611278,
            "1": -0.934951298831835,
            "2": -0.7338173685155679,
            "3": -0.7681800547466551,
            "4": -0.48738794015700504,
            "4-0": 0.16190175010412275,
            "4-1": 0.4475633586748302
        },
        "max_drawdown_duration": 353,
        "avg_drawdown_duration": 24.214285714285715
    },
    "since": {
        "mean_ann": 0.343548958617346,
        "vol_ann": 0.23323228736616292,
        "sr_ann": 1.472990564458134,
        "avg_drawdown": 0.07772321835576942,
        "max_drawdown": 0.12922486645790981,
        "calmar": 2.6585359926004974,
        "annualized_bin_mean": {
            "0": -1.1241568218469862,
            "1": -1.4501958871550718,
            "2": -1.178620926753251,
            "3": -1.2585048180168799,
            "4": -0.78060786322964,
            "4-0": 0.343548958617346,
            "4-1": 0.669588023925432
        },
        "max_drawdown_duration": 67,
        "avg_drawdown_duration": 23.666666666666668
    }
}