{
    "n_samples": 720,
    "n_steps": 30,
    "lags": 0,
    "model": "xgb",
    "full": {
        "mean_ann": 0.38620133731327616,
        "vol_ann": 0.2594346702514335,
        "sr_ann": 1.4886265468643245,
        "avg_drawdown": 0.03972156229050242,
        "max_drawdown": 0.19020132852192367,
        "calmar": 2.0304870650194244,
        "annualized_bin_mean": {
            "0": -0.3567233968176841,
            "1": -0.5924854042907413,
            "2": -0.4480951286048008,
            "3": -0.3580661761055944,
            "4": 0.02947794049559216,
            "4-0": 0.38620133731327616,
            "4-1": 0.6219633447863335
        },
        "max_drawdown_duration": 214,
        "avg_drawdown_duration": 11.078125
    },
    "since": {
        "mean_ann": 0.37379811114927425,
        "vol_ann": 0.26013183254239236,
        "sr_ann": 1.4369564366497063,
        "avg_drawdown": 0.036504952027902646,
        "max_drawdown": 0.12589953467235324,
        "calmar": 2.969019004891986,
        "annualized_bin_mean": {
            "0": -0.6655885529407155,
            "1": -0.8933308641249597,
            "2": -1.1184371957264843,
            "3": -1.1146466319335493,
            "4": -0.2917904417914411,
            "4-0": 0.37379811114927425,
            "4-1": 0.6015404223335188
        },
        "max_drawdown_duration": 49,
        "avg_drawdown_duration": 10.222222222222221
    }
}