{
    "n_samples": 720,
    "n_steps": 20,
    "lags": 60,
    "model": "xgb",
    "full": {
        "mean_ann": 0.18953191182795603,
        "vol_ann": 0.23065659760452287,
        "sr_ann": 0.8217060070959772,
        "avg_drawdown": 0.059579023810352155,
        "max_drawdown": 0.20333174695957068,
        "calmar": 0.9321314288694991,
        "annualized_bin_mean": {
            "0": -0.6679627924761045,
            "1": -0.7703221321702703,
            "2": -0.6840040779076236,
            "3": -0.7336808242291268,
            "4": -0.47843088064814826,
            "4-0": 0.18953191182795603,
            "4-1": 0.29189125152212203
        },
        "max_drawdown_duration": 172,
        "avg_drawdown_duration": 23.032258064516128
    },
    "since": {
        "mean_ann": 0.020315923594907914,
        "vol_ann": 0.19878859879711475,
        "sr_ann": 0.10219863572579688,
        "avg_drawdown": 0.060983216486619224,
        "max_drawdown": 0.11877289494360886,
        "calmar": 0.17104848378540854,
        "annualized_bin_mean": {
            "0": -0.8286444450881677,
            "1": -1.147908561168308,
            "2": -1.0915125604999525,
            "3": -0.9851437786081998,
            "4": -0.8083285214932596,
            "4-0": 0.020315923594907914,
            "4-1": 0.33958003967504813
        },
        "max_drawdown_duration": 72,
        "avg_drawdown_duration": 30.666666666666668
    }
}