{
    "n_samples": 540,
    "n_steps": 90,
    "lags": 0,
    "model": "xgb",
    "full": {
        "mean_ann": 0.4290989479484852,
        "vol_ann": 0.2499569339810121,
        "sr_ann": 1.7166915160716507,
        "avg_drawdown": 0.042618140042569516,
        "max_drawdown": 0.17853848858906718,
        "calmar": 2.4033974485810736,
        "annualized_bin_mean": {
            "0": -0.49699629763637787,
            "1": -0.6695350817334493,
            "2": -0.45293327202333394,
            "3": -0.39266948572661153,
            "4": -0.0678973496878927,
            "4-0": 0.4290989479484852,
            "4-1": 0.6016377320455567
        },
        "max_drawdown_duration": 79,
        "avg_drawdown_duration": 11.80327868852459
    },
    "since": {
        "mean_ann": 0.4069995557122036,
        "vol_ann": 0.22409443440417862,
        "sr_ann": 1.8161966261872249,
        "avg_drawdown": 0.03371023184613277,
        "max_drawdown": 0.09917485834117833,
        "calmar": 4.103858200755439,
        "annualized_bin_mean": {
            "0": -0.6951785477829473,
            "1": -1.1566443888057627,
            "2": -0.8560617481019276,
            "3": -0.8483196140329027,
            "4": -0.2881789920707437,
            "4-0": 0.4069995557122036,
            "4-1": 0.8684653967350189
        },
        "max_drawdown_duration": 51,
        "avg_drawdown_duration": 11.75
    }
}