{
    "n_samples": 540,
    "n_steps": 70,
    "lags": 90,
    "model": "xgb",
    "full": {
        "mean_ann": 0.4286525055702312,
        "vol_ann": 0.2512000969160507,
        "sr_ann": 1.7064185517153039,
        "avg_drawdown": 0.04562989233217274,
        "max_drawdown": 0.24521036504948188,
        "calmar": 1.7481010865251634,
        "annualized_bin_mean": {
            "0": -0.4607282259725125,
            "1": -0.47172118977802563,
            "2": -0.6009396369370295,
            "3": -0.43276899845989975,
            "4": -0.032075720402281335,
            "4-0": 0.4286525055702312,
            "4-1": 0.4396454693757445
        },
        "max_drawdown_duration": 182,
        "avg_drawdown_duration": 11.5
    },
    "since": {
        "mean_ann": 0.85608855820396,
        "vol_ann": 0.23464858083087156,
        "sr_ann": 3.6483858337119277,
        "avg_drawdown": 0.01688209229467434,
        "max_drawdown": 0.07915298528727177,
        "calmar": 10.815619336364104,
        "annualized_bin_mean": {
            "0": -2.15799380831772,
            "1": -1.6992519788174645,
            "2": -2.6780099445175845,
            "3": -2.1229997627848687,
            "4": -1.30190525011376,
            "4-0": 0.85608855820396,
            "4-1": 0.3973467287037046
        },
        "max_drawdown_duration": 11,
        "avg_drawdown_duration": 4.125
    }
}