{
    "n_samples": 540,
    "n_steps": 60,
    "lags": 0,
    "model": "xgb",
    "full": {
        "mean_ann": 0.5339157126522432,
        "vol_ann": 0.2404918760204651,
        "sr_ann": 2.2200987471477363,
        "avg_drawdown": 0.034151310566525976,
        "max_drawdown": 0.147043972037185,
        "calmar": 3.6309935406071916,
        "annualized_bin_mean": {
            "0": -0.5619711202495596,
            "1": -0.6447021460685977,
            "2": -0.652833750592111,
            "3": -0.40535188930661387,
            "4": -0.028055407597316402,
            "4-0": 0.5339157126522432,
            "4-1": 0.6166467384712813
        },
        "max_drawdown_duration": 86,
        "avg_drawdown_duration": 9.882352941176471
    },
    "since": {
        "mean_ann": 0.5399914805459981,
        "vol_ann": 0.23559002530247264,
        "sr_ann": 2.292081253663886,
        "avg_drawdown": 0.03842183395558031,
        "max_drawdown": 0.09917485834117833,
        "calmar": 5.444842468928323,
        "annualized_bin_mean": {
            "0": -1.1717026702640683,
            "1": -1.5748421117644247,
            "2": -1.3022883773149905,
            "3": -1.1069848501552662,
            "4": -0.63171118971807,
            "4-0": 0.5399914805459981,
            "4-1": 0.9431309220463542
        },
        "max_drawdown_duration": 50,
        "avg_drawdown_duration": 11.333333333333334
    }
}