{
    "n_samples": 360,
    "n_steps": 80,
    "lags": 90,
    "model": "xgb",
    "full": {
        "mean_ann": 0.4122904372427244,
        "vol_ann": 0.24724233617416325,
        "sr_ann": 1.6675559842319942,
        "avg_drawdown": 0.042012045548489904,
        "max_drawdown": 0.21574383665367636,
        "calmar": 1.911018380119731,
        "annualized_bin_mean": {
            "0": -0.4330442633014133,
            "1": -0.42119625508332736,
            "2": -0.3283787394543741,
            "3": -0.4287464467735951,
            "4": -0.020753826058689005,
            "4-0": 0.4122904372427244,
            "4-1": 0.40044242902463834
        },
        "max_drawdown_duration": 150,
        "avg_drawdown_duration": 9.375
    },
    "since": {
        "mean_ann": -0.07109121936165776,
        "vol_ann": 0.22284624464747582,
        "sr_ann": -0.31901466176429466,
        "avg_drawdown": 0.05995107708652507,
        "max_drawdown": 0.14285318825353366,
        "calmar": -0.49765231165499885,
        "annualized_bin_mean": {
            "0": -1.4912218152883612,
            "1": -1.8188383196006912,
            "2": -1.0730568792803639,
            "3": -1.3650584257415044,
            "4": -1.562313034650019,
            "4-0": -0.07109121936165776,
            "4-1": 0.2565252849506726
        },
        "max_drawdown_duration": 55,
        "avg_drawdown_duration": 20.0
    }
}